THE TALE OF THE PRINCESS KA...,ONLY YESTERDAY,GRAVE OF THE FIREFLIES,THE FIRST SLAM DUNK,YOUR NAME,JUJUTSU KAISEN 0: THE MOVIE,DEMON SLAYER -KIMETSU NO YA...,KIKI'S DELIVERY SERVICE,IN THIS CORNER OF THE WORLD,SPIRITED AWAY,SUZUME,THE BOY AND THE HERON,BELLE,GHOST IN THE SHELL,THE SECRET WORLD OF ARRIETTY,THE RED TURTLE,PRINCESS MONONOKE,MILLENNIUM ACTRESS,MISS HOKUSAI,MY NEIGHBOR TOTORO,WHEN MARNIE WAS THERE,WEATHERING WITH YOU,TOKYO GODFATHERS,PONYO,INU-OH,AKIRA,MY HERO ACADEMIA: HEROES RI...,MARY AND THE WITCH'S FLOWER,THE WIND RISES,THE BOY AND THE BEAST,HOWL'S MOVING CASTLE,FROM UP ON POPPY HILL,METROPOLIS,PAPRIKA,DRAGON BALL SUPER: BROLY,PERFECT BLUE,LU OVER THE WALL,MAQUIA: WHEN THE PROMISED F...,EVANGELION:3.0+1.01 THRICE ...,PENGUIN HIGHWAY,"GOODBYE, DON GLEES!","JOSEE, THE TIGER AND THE FISH",ON-GAKU: OUR SOUND,MIND GAME,PRETTY GUARDIAN SAILOR MOON...,VIOLET EVERGARDEN: THE MOVIE,WINGS OF HONNEAMISE,SING A BIT OF HARMONY,MY HERO ACADEMIA: TWO HEROES,WORDS BUBBLE UP LIKE SODA POP,THE WONDERLAND,SUMMER GHOST,MOBILE SUIT GUNDAM: CUCURUZ...,BLUE GIANT,SWORD ART ONLINE THE MOVIE:...,RESIDENT EVIL: DAMNATION,PROMARE,CASTLE IN THE SKY,PORCO ROSSO,LUPIN III: THE FIRST,THE CASTLE OF CAGLIOSTRO,WOLF CHILDREN,ONE PIECE FILM RED,WHISPER OF THE HEART,A SILENT VOICE,SPY X FAMILY CODE: WHITE,ONE PIECE: STAMPEDE,DRAGON BALL SUPER: SUPER HERO,RIDE YOUR WAVE,A WHISKER AWAY,POMPO THE CINEPHILE,FORTUNE FAVORS LADY NIKUKO,THE END OF EVANGELION,"THE NIGHT IS SHORT, WALK ON...",NAUSICAÄ OF THE VALLEY OF T...,OCEAN WAVES,THE ANIMATRIX,NINJA SCROLL,THE CAT RETURNS,DRAGON BALL Z: BATTLE OF GODS,DAFT PUNK & LEIJI MATSUMOTO...,MY HERO ACADEMIA: WORLD HER...,POM POKO,MOBILE SUIT GUNDAM: HATHAWAY,THE GIRL WHO LEAPT THROUGH ...,POUPELLE OF CHIMNEY TOWN,DRAGON BALL Z: RESURRECTION F,LIZ AND THE BLUE BIRD,FLAVORS OF YOUTH,BATMAN NINJA,EVANGELION: 2.22 YOU CAN (N...,A LETTER TO MOMO,THE SKY CRAWLERS,STREET FIGHTER II: THE ANIM...,VIOLET EVERGARDEN,SWORD ART ONLINE THE MOVIE ...,SUMMER WARS,MY NEIGHBORS THE YAMADAS,VAMPIRE HUNTER D,TEKKONKINKREET
1,0.6595655626208499,0.7477337575224401,0.4672827172827173,0.5361300291038289,0.38414363414363417,0.3832833832833834,0.6375978759988403,0.6648050516342139,0.517062817510662,0.5218000447118676,0.5636227831833291,0.5384666885331933,0.5547371731627706,0.6714477020298962,0.6443903318903319,0.6174458134289342,0.6699036212778833,0.5772977022977024,0.5809181973453259,0.5407811648400839,0.5297681734742619,0.5779509428827139,0.5986180503501799,0.7324101453402685,0.5040155751602295,0.34024595735057983,0.4926149856226486,0.6596679647009085,0.510459623173763,0.5160277888465423,0.5628252069347032,0.39600677100677106,0.4857316387715068,0.4427269585466457,0.46519346435823583,0.3859667962638913,0.5792527096612685,0.4143634143634144,0.43714618714618714,0.4575813679405212,0.4667447283536109,0.6816090320871633,0.44536019536019533,0.44999444999445004,0.5278765692723328,0.3921957671957672,0.4813902676473649,0.34661650917366116,0.4279482535074779,0.5489170301552615,0.4445554445554445,0.4653671860779143,0.5054390054390054,0.46107973976863725,0.34196359196359194,0.4080571343399647,0.5178189566659286,0.5544385143318504,0.38002275502275507,0.528096903096903,0.5730355980192832,0.5262931512931512,0.5368006041806374,0.37975361516676687,0.30419729971910225,0.49435404598206656,0.4305984474149209,0.4557877979359827,0.4642504038838797,0.35470085470085466,0.5374574063647978,0.34465534465534475,0.5337271036154958,0.5634828304311728,0.5546536796536796,0.4459328586035727,0.5775399317116572,0.5036755299271567,0.416517523636885,0.4345598845598846,0.30401298316508285,0.5000056538780752,0.3545898545898546,0.4554780561569576,0.3548756536649017,0.43929681429681433,0.4319109702099555,0.4058532309476168,0.3894126737780963,0.32509157509157505,0.48141307531499467,0.38258064348260656,0.4272552292830091,0.44234083735390684,0.3389388389388389,0.5000560103106726,0.5526071893067186,0.46075825724773156,0.4477385556787912
0.6595655626208499,1,0.7520375612804231,0.41520332215820943,0.4417975900423339,0.40792755698770733,0.335700181188903,0.6807088514080799,0.5803080698056923,0.47965222852891165,0.42799256461997826,0.5912958518663127,0.5208264135308525,0.5235193387948275,0.5885033666720678,0.5757876382876383,0.5286047200596287,0.5894333180638366,0.6171094673914223,0.6205223045569153,0.6208206311517778,0.4084210099495801,0.4061453662635265,0.6228404186111861,0.40189127892211285,0.5238814367283573,0.354460288389538,0.48297589922012985,0.5115660694698985,0.34331815449358905,0.5335414882534059,0.6205267164250062,0.45156232656232653,0.4407253699026773,0.4267366712196137,0.4283775438658909,0.4504321433530314,0.47994259752272506,0.43523690177825514,0.4771943386605041,0.42322779700857494,0.5760964998184317,0.5785623063112137,0.49775168440581974,0.46982662283414167,0.40872924911564223,0.5254219464745781,0.5041745828885925,0.38375400177506214,0.41954892588115933,0.45796802273399617,0.46552799748288465,0.39564465208125643,0.5228146122882965,0.42272871766416886,0.32664371968883243,0.37558605599733996,0.5288236399465756,0.5907021052566291,0.428626626089032,0.6281004187959076,0.43518641254630486,0.5429310559949658,0.7216249451174469,0.3354211761052718,0.3306034056792041,0.4766704817138049,0.4617598028175276,0.5288985521550363,0.41183495241331325,0.3881066302118933,0.46048847962692596,0.43606147403139883,0.44058672392413,0.5404499340586453,0.5850780902472632,0.3934601099444188,0.42514550186399835,0.5847495949307022,0.464628387955792,0.4643578643578643,0.33360436761835865,0.6017776720846468,0.3388807516627066,0.44720569522871134,0.3526498496497441,0.48295074808232696,0.35726145697756007,0.4752536573697421,0.3394500659125558,0.36872999598563516,0.47200149019282533,0.34490085500555834,0.4378986820235292,0.3753650406352427,0.367455435124608,0.4032263139708945,0.5233656219065992,0.39574992012634513,0.3874288967153048
0.7477337575224401,0.7520375612804231,1,0.5081545855981946,0.5150048778899556,0.5038863392246851,0.4316589634258807,0.7045161703637224,0.6587488255319218,0.5250650301609946,0.48409824125154644,0.7294826185228839,0.5444931080693877,0.5123371312370979,0.5743466170961093,0.6304713804713804,0.6334863241128952,0.6781796650246954,0.5173647050526751,0.6610313356246494,0.5877219101188507,0.6077856595059166,0.5194417683258223,0.6155506268907418,0.5644782023405187,0.635345869655974,0.4410100975580292,0.4337956778662617,0.6937130486531895,0.4876919577815457,0.5648931847099591,0.5120186349010639,0.34819347319347327,0.46348171150617534,0.527744998737605,0.48387647954690005,0.37956213810585004,0.5378250618035234,0.5224953617810761,0.5338405537653658,0.5577648302672368,0.5306552007139876,0.6757306897185957,0.5079603771333094,0.4078190606386095,0.49852502327899884,0.5839596076438182,0.5389956345519803,0.4387100770942951,0.5010866370224657,0.49461333033610666,0.5448738187459992,0.49917787788916035,0.6142621163297854,0.5366444840251472,0.363741062613243,0.5081678090372437,0.6924123525507392,0.6877022116652486,0.47553420889887055,0.6934485835801625,0.4952107430004429,0.6328748006379585,0.6329161411142642,0.4562475115719412,0.4141033998341268,0.6052195407325888,0.5360985511616416,0.5011236148333355,0.4173162659454531,0.3261706756067658,0.4658957163369427,0.5029117707689137,0.43871204331986613,0.6321062112346403,0.6372130271566362,0.44404856658484904,0.5795722751485123,0.5255374591370706,0.5008613531696101,0.48712121212121207,0.3953650693324967,0.5409345203850979,0.3819931321811021,0.4302852246558918,0.40187352042375024,0.5200480910067375,0.376032627841388,0.493844253010596,0.4045900135100976,0.445784374355803,0.4273784565538231,0.438592253267149,0.5065372514471014,0.47579569730817284,0.31754955570745047,0.5661587193546543,0.4619067432980023,0.4846805528376966,0.5026015527579542
0.4672827172827173,0.41520332215820943,0.5081545855981946,1,0.5482117089259946,0.6323346244398875,0.6282890668229014,0.4532901517863924,0.49397858824550556,0.5124393776649416,0.625901875901876,0.605015108116612,0.5790429808286951,0.3725261476201326,0.4303613470906703,0.6670274170274171,0.49382859204287777,0.29993617493617486,0.4048501936659832,0.40036197094467774,0.5016003211491933,0.5970372359470104,0.6376262626262627,0.330095666655817,0.5592778433687524,0.45395455630418036,0.48373585478848635,0.355685073072291,0.44103119103119104,0.5261682761682761,0.4747815154770042,0.4662909980579154,0.25256687756687757,0.4179466523451486,0.5188283938283939,0.5459901105577797,0.3071981902808971,0.35214768523039197,0.5678072345365579,0.4979835953520164,0.6317419631329406,0.46067170089726484,0.5469233147804576,0.5740172943180462,0.5275670236196552,0.5339224685089348,0.5991537702064018,0.5698171294035956,0.4772938840608013,0.5145846217274789,0.4934588803009856,0.5232683982683983,0.674027058989465,0.5312775987588018,0.4959029066171923,0.5986291486291486,0.43645084030422376,0.411494645705172,0.43739489416181143,0.5188638533563346,0.35041459167399025,0.4465334060258872,0.6145161334071108,0.38213675422322047,0.5270305091733664,0.49744057112478157,0.6071851707190052,0.5699938428321887,0.4718135978474324,0.4583581518731894,0.38279654764617177,0.3724975317080581,0.4703015656023175,0.4628334906530396,0.30895230500493664,0.3104128014842301,0.48271404521404526,0.4883289121071076,0.31478045763760043,0.49054481441699493,0.5718975468975469,0.433269456107802,0.46017871017871015,0.5714266727424622,0.3900742115027829,0.4835756870531307,0.47896215104861717,0.38400587507730377,0.3580266955266955,0.47829774653082924,0.45213520815024577,0.39160550184986265,0.3918991200946088,0.4033354490121407,0.43722482613460056,0.43880127808699243,0.36630333951762517,0.2729562000238691,0.2809252568651066,0.3978127136021873
0.5361300291038289,0.4417975900423339,0.5150048778899556,0.5482117089259946,1,0.7685694213889702,0.5534849027330231,0.427907099754959,0.6221737614567342,0.5787556339227704,0.739286583684041,0.5532334288126695,0.6539483616057946,0.37194862046134025,0.6733686518657471,0.4441137566137566,0.5526079281220568,0.5267947136302662,0.7137813418828456,0.5439084134569111,0.5471925569849553,0.8367353759638121,0.5877362630493681,0.531397149166851,0.4641614570607565,0.38087708877463144,0.4821101375957785,0.4534816232337555,0.6144418009824535,0.4539893092489692,0.5582477544694937,0.5182247532915516,0.43141580641580646,0.5320800570695925,0.3755356432666217,0.5784305286636167,0.47357987942423374,0.49713409937766306,0.4914569974720351,0.7170879037420391,0.6639716162602959,0.5375947990450962,0.5351723622694395,0.5139008234872896,0.5226453579837038,0.684682255464889,0.611336032388664,0.5901495981890492,0.4771887577871785,0.5372869276867814,0.5547409653047299,0.7326324469181612,0.5308919530146289,0.655762241100587,0.5234680946583605,0.3956555349412493,0.4311442219379932,0.414791524331091,0.3888094373794937,0.6037690275472231,0.5164885970337099,0.6241231090184286,0.543422544456379,0.4949187905920852,0.7863041581969938,0.39130003037897776,0.44486784315491046,0.38931929343485294,0.6386676743707788,0.5988109047329637,0.665289847996615,0.7371345545177446,0.4220898566763228,0.5613100651515219,0.4098528851954727,0.47648680684394973,0.47572250896032997,0.4743937926122128,0.39841172846957984,0.3532516321355248,0.5996392496392497,0.3864651093702459,0.2703604957842852,0.4387993794008832,0.5958640733383712,0.42315557366336964,0.4307504421226226,0.6386345255609878,0.5166723329839688,0.44912363750774675,0.4039234992242511,0.653353930117431,0.48942040714669766,0.5033436027174776,0.5783669308151568,0.5852401566687281,0.5871193490242665,0.4235320633279882,0.28688892108998365,0.30081077637766396
0.38414363414363417,0.40792755698770733,0.5038863392246851,0.6323346244398875,0.7685694213889702,1,0.6388115852401567,0.3923840987750762,0.5729221592943398,0.5229618960821969,0.7730272651325283,0.6837194447156854,0.7294151233061008,0.3800411472403954,0.6551695797936399,0.5108826358826359,0.5013435916631406,0.4634948384948385,0.5552223361433888,0.4823130607905044,0.5835514109950201,0.8203417092514838,0.6502525252525253,0.5549038993587866,0.5707562639380821,0.4644770747214356,0.6356117566643882,0.4376361629181178,0.6045898545898546,0.5358807858807859,0.5537250865258385,0.5467383285052458,0.33920246420246414,0.5683187948225542,0.45161782661782657,0.5535051101780425,0.4605778515552952,0.4191864943744642,0.5664249910490512,0.710887066150224,0.7732168625025768,0.5277105100413371,0.5425335524959585,0.5696275320335471,0.4532524493050809,0.600961277653007,0.6713494108230951,0.6398634573446604,0.6172650240319413,0.6530520023001226,0.56889338731444,0.7331643502696135,0.6693980622552052,0.6664982260846922,0.634370287189836,0.45138224348750666,0.515394411353058,0.4934457355509987,0.5163384652106457,0.5978074244051688,0.5007867341513959,0.5969055485032929,0.5473558083520489,0.5355164154976184,0.7488312230793434,0.5731373889268626,0.5432715989106967,0.5028335177771268,0.6221857403248381,0.6117378131475877,0.6045972615521488,0.5942982456140351,0.4808240840195728,0.5417770617018737,0.31797106402369557,0.4607849439616357,0.5037578162578162,0.5672724831559418,0.39372402868643464,0.42663124260868623,0.5845238095238094,0.5137167865551324,0.316045066045066,0.5075131009341536,0.5404463539801886,0.5655267768989574,0.4150485792403086,0.5343780175547093,0.47065295815295816,0.48581274615109205,0.46265772656750104,0.5449851631242608,0.47234645054193936,0.5537075914895464,0.5176721565819311,0.5177448491358265,0.5881040534236024,0.3518997710727033,0.2884402564853694,0.41120500976960317
0.3832833832833834,0.335700181188903,0.4316589634258807,0.6282890668229014,0.5534849027330231,0.6388115852401567,1,0.3930282958478448,0.5021377849385368,0.5236060931549653,0.5561389946728292,0.5382597456845577,0.5125268528464018,0.4521139157417353,0.5129566340092655,0.5949675324675325,0.4305592173073376,0.31034243534243544,0.4130093903590144,0.34010011500613013,0.4413384652106457,0.606700192038538,0.5511544011544012,0.4126909535744122,0.567443919716647,0.39369270036563264,0.5648273823085854,0.5097089314194577,0.5283605283605284,0.5365745365745367,0.411512140741464,0.40452538272087146,0.3398962148962149,0.49753442046675134,0.45231157731157734,0.4112921643936681,0.3897934771994923,0.41983069144723284,0.5638224348750664,0.5686741203658496,0.5563285920428778,0.5283547071141056,0.4717491781401556,0.5702717291063156,0.45064989313109616,0.5335782638414217,0.5181970076706919,0.4944037583135328,0.5464806496761384,0.5108390565157482,0.4175724859935386,0.5877046512384858,0.5987682951968667,0.5210385270535647,0.5635859128340331,0.4520264405602752,0.5160386084258265,0.4226613611951958,0.37412551942627126,0.4555944786207944,0.3585737883670215,0.45469260271891854,0.5447532521780643,0.32187489828467275,0.6066182772949691,0.5705348327528779,0.5473171565276829,0.5002309616031421,0.4799727945404637,0.4695248673632132,0.5305661339495926,0.44883854658290745,0.4814682810923412,0.4709926873460708,0.3186152610964641,0.39000056960583274,0.5052609427609427,0.49648810880013894,0.3229396543306319,0.42727543968145476,0.48542568542568554,0.5111142303811476,0.31673881673881676,0.5081572980069221,0.3982334081958142,0.4947424025431545,0.415692776313077,0.4635936431989064,0.4715548340548341,0.48645694322386057,0.46330192364026945,0.33134364591131515,0.4015620761861364,0.411494645705172,0.4502891427703458,0.4437137215332704,0.4458911076392279,0.28111539671690033,0.28908445355813783,0.5029339878622174
0.6375978759988403,0.6807088514080799,0.7045161703637224,0.4532901517863924,0.427907099754959,0.3923840987750762,0.3930282958478448,1,0.5717391654407715,0.7089504024527402,0.5744985695459941,0.6154562905463621,0.5408167813115707,0.5192766895329542,0.6252862928168201,0.6990740740740742,0.58103626162755,0.5733144157548874,0.5039865627271642,0.7998223363322242,0.6684315482733143,0.38182619023563946,0.4355118269851511,0.7287889419813485,0.43554068863008955,0.44643817544162057,0.40771975873706545,0.5928155321274122,0.4725440519188534,0.553451283603731,0.6754763858228496,0.5916756414765801,0.4884421134421134,0.4786109558318409,0.4053505949752385,0.5089346071029264,0.5812112154860132,0.5093190382853793,0.5550355868025041,0.438632837505018,0.5345335953293912,0.5120253315636039,0.5303876962941121,0.5370992416105198,0.5151892176328267,0.4299853165782609,0.553235361130098,0.5269859744608301,0.4127314395225843,0.5323617301031389,0.5710824232880278,0.437958261454502,0.46017707136632635,0.42231254543284613,0.41907549950219736,0.40988672981154184,0.45925338704133145,0.7221442973688651,0.6066901984006954,0.39072749514478833,0.5339665451507556,0.55933383585276375,0.5242585630743526,0.6761654358721625,0.34595634383594787,0.40491540871183274,0.4488402256553736,0.41183068990840443,0.5133883561909698,0.4820969144130025,0.4318401523288742,0.4555912704289453,0.5609621998719743,0.5297667810627225,0.7611405784625578,0.5524063134025541,0.4064571205401353,0.400165147887645,0.7319949688296244,0.394144469598533,0.4361111111111111,0.359672360604926,0.6600790185898144,0.3686149898555914,0.5490073730419518,0.5124894825570264,0.43524137725265544,0.43902296775023764,0.4173748068203379,0.28166352991468135,0.500433442914646,0.5111611160767577,0.4515825931759988,0.38897641195363253,0.4369528399448661,0.4946476038581302,0.42937249837692504,0.58901753591297,0.31399833224892637,0.44384171891943747
0.6648050516342139,0.5803080698056923,0.6587488255319218,0.49397858824550556,0.6221737614567342,0.5729221592943398,0.5021377849385368,0.5717391654407715,1,0.5065903964752161,0.5216042807755105,0.6013267249354799,0.5387086018199043,0.5104860114774631,0.6116321039617192,0.6731752044252044,0.5551148320721182,0.5908258311587803,0.6965858911347633,0.4667293862663746,0.5365496144630753,0.6281129401438877,0.5415599135934248,0.48770709276072555,0.5157029656489953,0.5568234216857032,0.4977184027706405,0.5491465421252373,0.6855300148921211,0.4888346075852269,0.5092940245083195,0.6073161482552274,0.5659340659340659,0.4970900630054301,0.5682643334131827,0.5254569153728936,0.49200265357917994,0.5776608435065065,0.59265574650913,0.6210077412145081,0.5530889161041587,0.5494977528943383,0.5746945072454539,0.5417733999500917,0.6272454675650164,0.6138159161520551,0.5094845213266266,0.5185606320539524,0.4984132841454251,0.5262047570520246,0.5370198272957635,0.6229468422137594,0.45572353857277736,0.6088048855905999,0.5213336406240233,0.30107913181221446,0.506681487464839,0.45836405498936816,0.4479052995457742,0.4437164339419979,0.4958917857414098,0.6080181072353066,0.7167032841844871,0.4769229359178152,0.5762981964757901,0.46054952045451725,0.6453097803291652,0.5793353396020007,0.5667596858458903,0.5665003549860756,0.5528563020104373,0.6838521049881738,0.5462477893868871,0.558027615621951,0.5033236824347711,0.45778759669737124,0.5574995273766428,0.48932268341138907,0.45620120412275766,0.5536447069039523,0.5411796536796537,0.4643164278638041,0.47687758492213317,0.42160392865280083,0.5939723175388946,0.41882049255485154,0.6278407056602545,0.586886829267161,0.5105706301407458,0.3958411879781758,0.52127871084638,0.5816865455147844,0.532910806090966,0.45006115318790685,0.4450569708295504,0.5427314227126258,0.6003889441968777,0.44142621696481676,0.29742415587562976,0.42825137088285536
0.517062817510662,0.47965222852891165,0.5250650301609946,0.5124393776649416,0.5787556339227704,0.5229618960821969,0.5236060931549653,0.7089504024527402,0.5065903964752161,1,0.6807876686441158,0.6672667887236228,0.5931818728697243,0.47913511458596114,0.65731047801846,0.7562229437229437,0.6648985410145167,0.49973695559540776,0.6221442404713082,0.7902006971931471,0.6204841571941919,0.4935246814752654,0.49556281806930613,0.6672998225134765,0.41023805898917554,0.3583985111289173,0.42173890838280437,0.6269449804869469,0.5137909693545215,0.693760481494186,0.8386480354716217,0.593999834931638,0.5411949161949162,0.5380268817727256,0.3636294003832784,0.5492533864246012,0.5867762329079962,0.5726150004905034,0.6034653733901854,0.5493970315398887,0.591557780531031,0.5187784236877107,0.4165827442816685,0.7317875315995617,0.5602176436762902,0.5210176969317942,0.625703536229852,0.5267216940096084,0.40372229047896624,0.5627678287996218,0.693764522999027,0.5544152589265372,0.5632400220472689,0.5557763456259697,0.41026891385185194,0.37328250279378106,0.5069990483946666,0.7533143845084297,0.5262989618071447,0.3660280300317894,0.5417346125052892,0.6176732395066857,0.5947971931994489,0.5993151621993436,0.46786444702940133,0.3788308734198089,0.4816070233530805,0.3767694632776949,0.6232526595576109,0.5415128403538872,0.5772087144267596,0.5209487889639184,0.5947042932005338,0.6451242995976957,0.7136221948297872,0.5731613937441006,0.44857345260134796,0.49067119582774266,0.7156533190129335,0.34473564692130265,0.5380230880230881,0.3737129277763195,0.4334370088334769,0.48677266759973536,0.5866593828899893,0.5955662993376137,0.4105419121396565,0.43274332027162943,0.43854538919958075,0.33293787195392055,0.5505639097744361,0.5912844002286954,0.4923239159152113,0.42124874625456044,0.46799570160218273,0.6366148054117979,0.49161775412451847,0.5675687079664798,0.3031663243055136,0.4435567005274974
0.5218000447118676,0.42799256461997826,0.48409824125154644,0.625901875901876,0.739286583684041,0.7730272651325283,0.5561389946728292,0.5744985695459941,0.5216042807755105,0.6807876686441158,1,0.6755207743029814,0.8104564594307209,0.42669244373731263,0.7181974243728582,0.5201418951418952,0.6342701640976591,0.5537233632833634,0.6360911749069644,0.6410066695114276,0.6403079695031624,0.7653640381920238,0.6207422364454489,0.6442724131718646,0.5370468103963097,0.37940263840379473,0.5372923811904375,0.6063432644780666,0.5415690195137863,0.6482998607550919,0.6850157725739607,0.5659497867420265,0.42467254967254964,0.5975783380837079,0.39075355448506455,0.6361216187460665,0.5464757224866365,0.5894756651652211,0.560952977682301,0.6339864813549023,0.7675908332621828,0.5854871315921865,0.48667118365651785,0.5671630374637893,0.5207127667653983,0.6563666685467006,0.6686953397479714,0.6956372878507101,0.505357392435352,0.637694319887406,0.7693048255345584,0.6592712842712842,0.6463077068130525,0.5958519133331164,0.5257825749261182,0.4489177489177488,0.48044331438809706,0.5758469131473132,0.5007745270050041,0.5358191203116015,0.4387984300578286,0.7254855316969149,0.4886142575052349,0.5906311134718114,0.5541785580420647,0.45720939625637935,0.48383112717001475,0.42367376454022676,0.7280081538790834,0.6766491449880262,0.6854661003157244,0.6490871048529648,0.48725683255758445,0.664171706395833,0.5742908611502074,0.39879663986806846,0.5200407624505123,0.592782938900017,0.5576919854666995,0.36841869626794443,0.5956349206349206,0.45079861208641847,0.32361198417542614,0.5169533682691578,0.6070277247331766,0.6328353967258626,0.3530602751467413,0.5959053527200718,0.5855902936302667,0.45425800602478517,0.4690904751055127,0.6366105405948864,0.4899812775958251,0.5039325166890615,0.6405542941970827,0.6700422593279737,0.5569542646080168,0.4952975804659714,0.30111116873387234,0.37802189730762514
0.5636227831833291,0.5912958518663127,0.7294826185228839,0.605015108116612,0.5532334288126695,0.6837194447156854,0.5382597456845577,0.6154562905463621,0.6013267249354799,0.6672667887236228,0.6755207743029814,1,0.7772665772454793,0.4436469850791003,0.7276650854697757,0.7854587542087542,0.6697475238936144,0.5777827641626863,0.6447086330544978,0.6711516094505853,0.7839498564379657,0.6484907699701684,0.5865934927627346,0.6478735158793325,0.6245325720470513,0.5082173118632987,0.5132866188818141,0.579026654881304,0.7497309805928378,0.6930872070173293,0.7102585174387113,0.7025860955874048,0.43881118881118886,0.5990081836645418,0.5002234102031002,0.6277797062904358,0.5397623437248005,0.5849229483602176,0.7092857956579761,0.6575788768457942,0.7736802300498266,0.5918542860923905,0.5911632517959022,0.7075832166997581,0.5265822836311558,0.5216801478846128,0.7613090126248021,0.69601464554786,0.5251481167291121,0.7323823130728273,0.7132705193656512,0.6636370417385455,0.7255388265373162,0.7259134036389676,0.5940146881391593,0.4634875880176632,0.6061595345846386,0.6965546526710655,0.7302954653709528,0.5444365784591348,0.5902730310625048,0.6500270227225102,0.6162793347003874,0.6789690038001392,0.5030789397019046,0.5230181696147027,0.5541480777783714,0.5477699510676014,0.7100628650411154,0.6477924272447069,0.5206141707081557,0.5869314120627778,0.6432427117577494,0.6373935658682639,0.5578158371620592,0.5502712408727446,0.6265791958943385,0.6096849638744395,0.638936875000964,0.504580806992015,0.5806818181818182,0.4963225408960743,0.5495896412927752,0.5969993978452626,0.6205499542161641,0.6674165173637895,0.5045348761514175,0.4649258890909239,0.6367910431878783,0.4797942757076754,0.6216749937614598,0.6568281261832825,0.6575075040727392,0.6098377560135613,0.5006508040653492,0.5834216222374118,0.6136512670081039,0.5628323790070031,0.3996339867031852,0.5707523007671245
0.5384666885331933,0.5208264135308525,0.5444931080693877,0.5790429808286951,0.6539483616057946,0.7294151233061008,0.5125268528464018,0.5408167813115707,0.5387086018199043,0.5931818728697243,0.8104564594307209,0.7772665772454793,1,0.44646665342655045,0.7522007626650247,0.5748106060606062,0.6508518996023691,0.5765127733757479,0.6829500699801452,0.6124664537966255,0.7150017079795248,0.6830491418732728,0.6451692013556838,0.6272304552967837,0.5828305609622135,0.40282708867707107,0.5613654058937539,0.6053639820758097,0.567906852579472,0.6697596450402898,0.6515975080786708,0.6016523189797959,0.47513597513597516,0.6249848689941171,0.41534922727200463,0.6519137477981714,0.5931621201987727,0.6518907340032646,0.6018594918031008,0.6748929954757023,0.7624448841932592,0.6426624805989398,0.5750173347008813,0.6080695515845892,0.5616192808861982,0.6116388802418868,0.7127485088011404,0.8214260582192259,0.5470407539563222,0.7307714096313728,0.760128638544714,0.700177798392084,0.6817461733285445,0.6267089531187275,0.5651491744168051,0.41839569160997736,0.5075318319142907,0.5427915987100953,0.5271993644250091,0.5112494439562109,0.48565732513100934,0.7888967083680674,0.5322263993316625,0.6631361939242567,0.522351639475122,0.4814835189855763,0.4991933504796029,0.4665364598223889,0.8228499923494059,0.721643198712439,0.7255222743004698,0.6981078224507078,0.5341157276307653,0.6894990442026353,0.5419178928221651,0.4456555349412492,0.5637147944464088,0.5885318884621615,0.5480983504570822,0.4134127499923572,0.6612373737373738,0.4960977357065881,0.3752127395414714,0.5638122633423386,0.6321113752719248,0.6318561143236057,0.39991917021992207,0.6200266268217883,0.6453558996129375,0.4532787236225281,0.5159493701786935,0.6831922338023855,0.5366676753079613,0.5529532342868044,0.6499931725589355,0.7169011544011544,0.5860795541196955,0.5443182980637145,0.34779756644600845,0.41765684688972093
0.5547371731627706,0.5235193387948275,0.5123371312370979,0.3725261476201326,0.37194862046134025,0.3800411472403954,0.4521139157417353,0.5192766895329542,0.5104860114774631,0.47913511458596114,0.42669244373731263,0.4436469850791003,0.44646665342655045,1,0.48206408482876717,0.47392075517075527,0.5159468378324348,0.5106712142617602,0.5982160487799586,0.5552425392798961,0.4515778178155372,0.361234374096027,0.4513040854525213,0.5415521116796527,0.38276989005010287,0.569356591594659,0.4152211138536369,0.398540692560412,0.3851519649800439,0.38922812085808045,0.4598287483116261,0.409598815133111,0.5113775113775114,0.5000766239084418,0.354179144242167,0.4588730656293949,0.37817903335755776,0.4399003940848438,0.47841831309876415,0.35711044385856405,0.39653068558695226,0.4167802082775135,0.47094290448530274,0.46950452429775735,0.4415794627260793,0.4027313744944474,0.4590378919326288,0.4002830777458146,0.4028207571331832,0.3698459970134379,0.4248532688565989,0.365852265946251,0.45154626043652346,0.4231388807516626,0.39558284452392367,0.35543200533802033,0.394648987109269,0.47217170106636663,0.44253908217497406,0.34510735713743224,0.5417982184899478,0.43102110372941305,0.4015886577916653,0.535324180265062,0.308912359677449,0.37820823473833787,0.43082933894518594,0.35865927111233054,0.3978718005465417,0.3510878822025362,0.3896213748657358,0.3969304659496642,0.42737213705258814,0.49180773096940633,0.5383181697576462,0.4882625937137216,0.43178852827934533,0.38031158324356296,0.4479392630098922,0.35233990312972063,0.4706890331890332,0.3696194167921405,0.37578656221224394,0.3914159044798142,0.3865840976884235,0.2682146429900262,0.32721522420770544,0.36141332275277704,0.3322066959580787,0.3262904990360602,0.37024474063947743,0.3737565069653289,0.359173633345245,0.4315685412626349,0.36430184219129236,0.3689701797784506,0.3594699778202164,0.4220389919644484,0.3968994179926154,0.4265081131163089
0.6714477020298962,0.5885033666720678,0.5743466170961093,0.4303613470906703,0.6733686518657471,0.6551695797936399,0.5129566340092655,0.6252862928168201,0.6116321039617192,0.65731047801846,0.7181974243728582,0.7276650854697757,0.7522007626650247,0.48206408482876717,1,0.6395803270803271,0.6573980041052643,0.617970386841278,0.7394580878603435,0.6888371197030293,0.7793748538427036,0.6678123801196174,0.6997777980492691,0.8250296926317591,0.6443463564436509,0.4421962518744713,0.5222406780422091,0.7164766077316448,0.7253325664063988,0.6113755524565094,0.7271912316291849,0.76638934865976,0.555902430902431,0.6794468836133847,0.4316361744456919,0.602960301595737,0.6339328518645463,0.6011059162002664,0.5422077922077921,0.6487910794301772,0.6354377787030473,0.5514312570975386,0.5884347368106253,0.5762194989638598,0.5737899944666862,0.5889100929698902,0.6308294045136151,0.627890157834486,0.51274840206408,0.6435891912984661,0.6799487184102775,0.6394161811455045,0.5663920012333327,0.6237704651238486,0.539807293653633,0.33583444542091156,0.5129305088586577,0.5888051217593564,0.635978004085121,0.47738949646844386,0.5422426466599399,0.7809374318391493,0.5292879113367834,0.6939804523151882,0.5437599146963619,0.4173593256807401,0.4773548291387437,0.44999307444414727,0.6637714811836981,0.7028902384706299,0.7285361672579718,0.680304977612125,0.5365388579674294,0.6392656218115237,0.5566594860468645,0.5898258904837852,0.5948228596521754,0.5691161490803687,0.6617263547139486,0.4385654002616396,0.6186147186147186,0.4307995711736867,0.5354387464010032,0.46122937213162785,0.7464535247288924,0.5861505581612588,0.4564271881001204,0.6032837132609437,0.5101090460624707,0.4129411164232917,0.5081684188827046,0.7603802474848281,0.571750845813724,0.5370004099454966,0.5347564108052802,0.5770579045015136,0.6592923252892573,0.6681821198917983,0.3223845999297261,0.5059928300793315
0.6443903318903319,0.5757876382876383,0.6304713804713804,0.6670274170274171,0.4441137566137566,0.5108826358826359,0.5949675324675325,0.6990740740740742,0.6731752044252044,0.7562229437229437,0.5201418951418952,0.7854587542087542,0.5748106060606062,0.47392075517075527,0.6395803270803271,1,0.6839075276575277,0.4485780423280423,0.5536165223665224,0.5810034872534873,0.7281144781144782,0.5428391053391053,0.6550825717492385,0.5540073352573354,0.6587121212121212,0.5838894901394902,0.5693843193843193,0.5827471139971139,0.7115500240500241,0.7918771043771043,0.6734758297258296,0.7111892736892738,0.523253367003367,0.47483766233766234,0.6771434583934584,0.5250571188071187,0.527056277056277,0.563011063011063,0.7132335257335258,0.6069624819624819,0.6361531986531987,0.4963323713323714,0.6501623376623378,0.7354497354497355,0.5018338143338144,0.40367965367965375,0.59755291005291,0.5290704665704666,0.5537518037518037,0.6761063011063011,0.567722681359045,0.5792748917748918,0.64201539201539215,0.5618987493987495,0.6021825396825398,0.4924843674843675,0.5853024290524291,0.6657647907647908,0.6425565175565175,0.3972613035113036,0.4510732323232324,0.6297949735449735,0.7025462962962963,0.5582160894660895,0.5530002405002405,0.5706469456469456,0.7003968253968255,0.6636153198653199,0.6089315776815778,0.5982593795093796,0.4541546416546417,0.5187890812890812,0.6977813852813852,0.6804353054353054,0.5712782587782588,0.6117875180375181,0.7783910533910534,0.5446278258778259,0.6129148629148629,0.674573112073112,0.5608866442199776,0.5148358585858586,0.7481661856661856,0.656415343915344,0.5856782106782106,0.6363786676286676,0.6531234968734969,0.44007034632034625,0.6094476511143176,0.48253367003367,0.6646825396825398,0.5451088263588264,0.6243987493987493,0.4719516594516594,0.34845478595478596,0.5204124579124578,0.5698502886002885,0.5882635882635883,0.4001924001924002,0.6090909090909091
0.6174458134289342,0.5286047200596287,0.6334863241128952,0.49382859204287777,0.5526079281220568,0.5013435916631406,0.4305592173073376,0.58103626162755,0.5551148320721182,0.6648985410145167,0.6342701640976591,0.6697475238936144,0.6508518996023691,0.5159468378324348,0.6573980041052643,0.6839075276575277,1,0.679814491135915,0.6382943288958326,0.657967152001521,0.7556774966696798,0.5046836382291136,0.5706917042116566,0.5740273162828893,0.5263963697395815,0.5352058846581227,0.5354631525113691,0.5800614805237776,0.5785619301397802,0.5608862040123354,0.7131709868286014,0.6320794846097877,0.6298423798423798,0.5314501752671332,0.520892282719975,0.6247954828588749,0.4738264044349326,0.6028806233343518,0.6686756121906497,0.4657350898892253,0.5697181402169847,0.6202210629540398,0.4676775043396002,0.5872233343098006,0.6284354012737472,0.5892757592829402,0.6378511839038155,0.6754036020551903,0.5083529281514392,0.5716141596247055,0.6134215168380865,0.4812796330653474,0.6175141862855976,0.547266570104916,0.5538680267437005,0.44300401978973414,0.6126146236582483,0.5389025236540781,0.6681382332629849,0.370273356551552,0.4875383805834934,0.6322598599693994,0.5242125877464223,0.6063471327305923,0.450268836998024,0.5376332089773322,0.56145183422477285,0.5284105524460576,0.5687437289327046,0.5320653204511657,0.5151275103342772,0.5137144118077668,0.690758687845154,0.5878899224415439,0.6667687665972253,0.45944135229849514,0.5692646953527911,0.4469044066775222,0.5878644912952198,0.4971188899593155,0.648502886002886,0.48741575437922957,0.474004607185457,0.5743513274528311,0.5497796460813665,0.44973543095339186,0.426692000564181,0.4971461091290592,0.48739715459649646,0.5007405208397566,0.6336312914320433,0.5466334478828201,0.5086531029758729,0.5506371349361241,0.596760320575614,0.5779349618635332,0.4847278711186599,0.48564274992454604,0.3957631715189295,0.5778186986191027
0.6699036212778833,0.5894333180638366,0.6781796650246954,0.29993617493617486,0.5267947136302662,0.4634948384948385,0.31034243534243544,0.5733144157548874,0.5908258311587803,0.49973695559540776,0.5537233632833634,0.5777827641626863,0.5765127733757479,0.5106712142617602,0.617970386841278,0.4485780423280423,0.679814491135915,1,0.7073482073482074,0.6301140814233838,0.5403565032896843,0.5278560299744245,0.5721718231668627,0.6296261226459078,0.5081243112210605,0.5195915717819339,0.44506210308700134,0.49412016796622016,0.6278507649052467,0.4870749427108191,0.5349047728870071,0.5399936476674083,0.568015318015318,0.5807675954755346,0.4930020881784055,0.554638113609297,0.4165683042764612,0.5495710254569848,0.42261904761904756,0.5223248973248973,0.586279532740233,0.4885471283595413,0.5538722886468896,0.48508436008436007,0.4582500832500832,0.47328514081464657,0.5299272486772486,0.47967002305437256,0.4207309005241179,0.5020626448579345,0.5736539818882906,0.5297341547341547,0.5414337719302578,0.5906177156177156,0.5220524554459407,0.2767926517926518,0.4675864820218083,0.5311140978837681,0.6685100696123288,0.49725274725274726,0.6872849372849373,0.5408991034583563,0.4896769896769897,0.6092881457014201,0.42655601517269726,0.40731321621512806,0.5657073930350356,0.4836621551284672,0.5341811080755702,0.4671143112122548,0.48475135975135974,0.5915941676557377,0.4397408147408147,0.5527761456081902,0.5635504828549383,0.5728160728160727,0.5462560025316066,0.5416602164151687,0.5256826076152338,0.4691753291695322,0.5490800865800866,0.4099021295008577,0.4249558122982017,0.3307942057942057,0.49648911783969474,0.4090124149558416,0.41550116550116545,0.4127056127965224,0.46918951319100355,0.42137196331558446,0.3922050172050172,0.5633177993210925,0.44537420307263587,0.5802755631417321,0.4433609075355879,0.468989343989344,0.5837194573356486,0.5036794803405028,0.5055705221941076,0.6209591022353891
0.5772977022977024,0.6171094673914223,0.5173647050526751,0.4048501936659832,0.7137813418828456,0.5552223361433888,0.4130093903590144,0.5039865627271642,0.6965858911347633,0.6221442404713082,0.6360911749069644,0.6447086330544978,0.6829500699801452,0.5982160487799586,0.7394580878603435,0.5536165223665224,0.6382943288958326,0.7073482073482074,1,0.619142282112207,0.6693602241534573,0.6531706701819484,0.564520202020202,0.6577195152383122,0.4810114128295946,0.5434831667914375,0.46163799650641757,0.6462031702633206,0.7144660894660895,0.5578449328449329,0.6984669465872473,0.7326903568444921,0.5406537906537906,0.6695590437131791,0.5253635253635254,0.6449351191832394,0.6011176480161442,0.552353150191496,0.517957366359622,0.6517515379357485,0.5954975371328755,0.5523428430383318,0.5375805585392052,0.5447578632729009,0.5525470874155085,0.5428510399375062,0.618501527712054,0.5743890299341428,0.4541910783452138,0.5598182414911739,0.7068406739459371,0.619677033492823,0.5290937028718984,0.6769636482982349,0.5712849493864531,0.3663980025822131,0.484993869956276,0.47976475279106867,0.5282929998155562,0.5381014766353113,0.5867208605930411,0.6692342327680674,0.5839848539096659,0.6026177456628585,0.5971559038288361,0.46867262854104963,0.5821424502815481,0.5498635658410094,0.6466008093827642,0.6541019757185171,0.5809148140915058,0.7100715804663174,0.5020070468378739,0.6305087665050071,0.46650812637654737,0.5393971942844122,0.6307118807118806,0.5902814395295599,0.574377095335742,0.5516810153088348,0.5797438672438673,0.4148821729648796,0.3783022533022533,0.4836760461760462,0.6224599648471828,0.5432650891297508,0.5298942703078041,0.5046105523549133,0.5712842712842713,0.49227872169601494,0.4736366077531491,0.6716103028133102,0.6208835128947912,0.608116476255574,0.4865555392811032,0.563271137801213,0.6088931744946783,0.4939563464939405,0.3488641788453818,0.4295071356076141
0.5809181973453259,0.6205223045569153,0.6610313356246494,0.40036197094467774,0.5439084134569111,0.4823130607905044,0.34010011500613013,0.7998223363322242,0.4667293862663746,0.7902006971931471,0.6410066695114276,0.6711516094505853,0.6124664537966255,0.5552425392798961,0.6888371197030293,0.5810034872534873,0.657967152001521,0.6301140814233838,0.619142282112207,1,0.6922521784556426,0.4947197739357476,0.47378841437562924,0.8013415495627536,0.46597437109484197,0.4582802827196869,0.39409208809400764,0.5676887938886879,0.5468909978906553,0.5801799595395722,0.8051419017769308,0.664443640079961,0.46259296259296256,0.570704809541339,0.3392213504708501,0.5815005567710982,0.6059025424767017,0.4622989997226742,0.5126207021883714,0.45855236033807467,0.5864682605994388,0.479291007286613,0.48232236156415964,0.5695142889691762,0.4693729724744762,0.4464288172668409,0.6502484357747516,0.5432063540165918,0.3669818637340778,0.5343982198610837,0.6332692889858222,0.46357058772472315,0.5298827340566019,0.5295575247642916,0.37733931933851883,0.3538664030205384,0.42725948088280763,0.7762739107542518,0.6929783017563294,0.4239928826394992,0.6419072573207911,0.5876375736692452,0.4350749709772267,0.7453620059041148,0.39416464962992404,0.3348203500866245,0.3849231268195913,0.35188184504087594,0.5826912120037135,0.5267377185311273,0.49741846499365294,0.47835926903232606,0.5347037778428756,0.5525347796661033,0.7451680824494269,0.5975764628020267,0.40536869715980517,0.4907910606292789,0.7885356803009217,0.32059018255413385,0.5310786435786435,0.3460446899618681,0.5760200696695944,0.4137851392550641,0.605780128172123,0.5363101127393547,0.33755438379498526,0.41179096635361856,0.3853084892850902,0.3056298442340296,0.4775763814297649,0.6300880320398774,0.47435059177937955,0.46557430522034926,0.44170876478646137,0.5602259165229091,0.4510563065706211,0.610701344106666,0.3527989441427877,0.4391507967174375
0.5407811648400839,0.6208206311517778,0.5877219101188507,0.5016003211491933,0.5471925569849553,0.5835514109950201,0.4413384652106457,0.6684315482733143,0.5365496144630753,0.6204841571941919,0.6403079695031624,0.7839498564379657,0.7150017079795248,0.4515778178155372,0.7793748538427036,0.7281144781144782,0.7556774966696798,0.5403565032896843,0.6693602241534573,0.6922521784556426,1,0.5833898524820127,0.6121221693257122,0.7219490451935441,0.5052643374603337,0.4293219793370021,0.5089186600565008,0.674383983854098,0.597856813586936,0.5474368787750266,0.733677794900671,0.6813078855296539,0.6314102564102564,0.5554324404268279,0.42668446966474993,0.5804255855878315,0.6112764076066661,0.657618206972451,0.6935333463528952,0.5786343564539054,0.6400494154771296,0.6279151965580496,0.5103843013731908,0.571700897264807,0.6536869771832179,0.5961542319989521,0.6149742070794703,0.7452398043891126,0.4863992557169995,0.6112594637457204,0.6295201287066997,0.5764560210048932,0.5426840379457483,0.5608103049832374,0.5088892025217635,0.4704624114398551,0.5418436893864157,0.5880109832764566,0.6011508302112729,0.40422525469517956,0.4662954735323156,0.6510820155454826,0.5377563226247437,0.7430172326259562,0.4295276702146893,0.4538904526167785,0.4875413788048121,0.4369251217951393,0.71540692748159,0.6205554991728717,0.6060521975935509,0.5861070905766835,0.679979439941846,0.655404552429973,0.6631460493183507,0.5155793976282698,0.5907571059296239,0.4504478191398811,0.6266571989209306,0.4210426532890198,0.6310606060606061,0.422204562722418,0.5049039023299995,0.6142556065488396,0.669466750476551,0.5440579342837121,0.46659627966018935,0.53777213249284594,0.5811774767418529,0.44809617356668563,0.6584117219455565,0.7114694417890995,0.4937733806546414,0.45686159332187104,0.6003338831676754,0.5974310776942355,0.5627010720682928,0.6148933237654477,0.35151981314607195,0.5445225653792485
0.5297681734742619,0.4084210099495801,0.6077856595059166,0.5970372359470104,0.8367353759638121,0.8203417092514838,0.606700192038538,0.38182619023563946,0.6281129401438877,0.4935246814752654,0.7653640381920238,0.6484907699701684,0.6830491418732728,0.361234374096027,0.6678123801196174,0.5428391053391053,0.5046836382291136,0.5278560299744245,0.6531706701819484,0.4947197739357476,0.5833898524820127,1,0.6920989289563158,0.5883950240791468,0.6383460914853273,0.4807386966454593,0.6353031503513429,0.46560211916439354,0.7544853439000132,0.5929586969656906,0.5137407111322712,0.5539837596140399,0.378024753024753,0.5855301816868319,0.5581793328438444,0.6060551592525842,0.4600555840926619,0.4816419383888404,0.5595145873341362,0.7818987403573869,0.7556375667363884,0.5556685779874113,0.6525442992800566,0.5707143942106349,0.4478458049886622,0.7096455512676013,0.6725198777830357,0.6160849333364988,0.5964020852532039,0.6609476279830806,0.5484745472595141,0.7991862773817662,0.6603366402659223,0.7291187926526272,0.6779835890246546,0.4524691056645944,0.5474814185987047,0.5715565477626269,0.4725625922997634,0.6881800008679708,0.5911593106141979,0.6406914546500095,0.6312348783213445,0.49226655924999585,0.8036531622823722,0.5197474096543088,0.5991934529889262,0.5638845975140658,0.6019502003045678,0.6556284354688053,0.631503542405798,0.7527478734148898,0.5161214725124499,0.5723779295032125,0.46452787973610765,0.5690146632815807,0.5745915970743916,0.6187530081385431,0.40640730763227373,0.5213066023124197,0.634992784992785,0.5321179076076745,0.4068488042927867,0.5410674955787738,0.6038596525010651,0.5398215241394622,0.5232782985602534,0.6839068434634549,0.5965059672513331,0.5920676096128048,0.49795511506037815,0.6151137097916317,0.6237391961619432,0.64435656820678,0.5669440306856627,0.5480524905336935,0.6907337652899459,0.4319083843555722,0.3857935911617685,0.42286385266423143
0.5779509428827139,0.4061453662635265,0.5194417683258223,0.6376262626262627,0.5877362630493681,0.6502525252525253,0.5511544011544012,0.4355118269851511,0.5415599135934248,0.49556281806930613,0.6207422364454489,0.5865934927627346,0.6451692013556838,0.4513040854525213,0.6997777980492691,0.6550825717492385,0.5706917042116566,0.5721718231668627,0.564520202020202,0.47378841437562924,0.6121221693257122,0.6920989289563158,1,0.5430513709450362,0.6075364340146964,0.4166137729568249,0.5714468662137208,0.49766428335088975,0.6013453842309799,0.5804661558867448,0.5843474949190366,0.5264915903757099,0.5907106782106781,0.6109447527269308,0.4185008800384127,0.598023196881826,0.46234887400342994,0.563237767857925,0.5072150072150072,0.6320707070707071,0.7268951956866967,0.552265671579645,0.6216739871682654,0.5884199134199134,0.45353535353535357,0.5931339215268276,0.6443001443001444,0.6242177376872702,0.5343690393607728,0.5672235454961194,0.5227062137814317,0.6464646464646464,0.6141170452010416,0.5256132756132756,0.5288399491210489,0.5128787878787879,0.4949451374207807,0.45135836312930555,0.4356022238882554,0.499476911976912,0.43742784992785,0.6653586123493678,0.494390331890332,0.502598949827001,0.5381584795951224,0.5802844253590114,0.4637406883829729,0.39884435940933594,0.59879874319025,0.7129184648046518,0.5963203463203464,0.6759146579821919,0.523953823953824,0.6298182568007291,0.4635886911285968,0.4969516594516594,0.552451447719611,0.6078678460497691,0.4532729819571143,0.3867337830487315,0.6152236652236652,0.4641755959087208,0.4098497928132996,0.5914141414141414,0.6143666979700244,0.4590988266510653,0.401533189033189,0.6024213653519426,0.5060372188716113,0.5001115380354839,0.47124819624819625,0.6376883134516413,0.49893114139463346,0.531791996939992,0.5077977766357901,0.4758297258297258,0.7243376470506135,0.5621779916562952,0.47811042997874054,0.48447557390581597
0.5986180503501799,0.6228404186111861,0.6155506268907418,0.330095666655817,0.531397149166851,0.5549038993587866,0.4126909535744122,0.7287889419813485,0.48770709276072555,0.6672998225134765,0.6442724131718646,0.6478735158793325,0.6272304552967837,0.5415521116796527,0.8250296926317591,0.5540073352573354,0.5740273162828893,0.6296261226459078,0.6577195152383122,0.8013415495627536,0.7219490451935441,0.5883950240791468,0.5430513709450362,1,0.5210431612285649,0.43637536015716005,0.47345585503627086,0.6710170089530597,0.5914686780812574,0.5618186692945797,0.7504056666904713,0.6677718551443329,0.5027472527472527,0.6993503012804991,0.41539020371603974,0.5363045976653233,0.6566913187284844,0.48627181409018194,0.45492912475995184,0.5743301706647572,0.6195583804257153,0.48659715498745404,0.5773172432951981,0.49543433800952597,0.4865113270188458,0.5010061007914515,0.5511560077349551,0.5620107595571542,0.4523736312041937,0.5742424562696957,0.6142162822866647,0.5521375136976641,0.49704526620456213,0.5364917976760082,0.5116315867606149,0.32678707049007805,0.4480964067485732,0.7467448244582067,0.6435136728766581,0.46153940044917496,0.6043146285627489,0.5948825673233378,0.44200924388894314,0.7336918047505583,0.43744917854671717,0.3485627465294684,0.440495930503485,0.417409850317602,0.5779244326999406,0.569589986846402,0.6531622617148933,0.5775208174300313,0.4676584589178574,0.5869315197014392,0.7235755040898899,0.6765577363321724,0.47969562657331166,0.4955068622366583,0.7787183959466437,0.4189980064249642,0.5399891774891775,0.37461073088175834,0.5472885276624371,0.3986105686293656,0.6258935648806688,0.5396383278037264,0.3938083845978583,0.5057115159127639,0.45525823179976554,0.3617648074596842,0.44199364753876036,0.6332577606726124,0.4776788068437513,0.49060878997710433,0.4409456746556355,0.5076363799108159,0.5367435950728324,0.6420096008779292,0.3602976771045272,0.48130691724321173
0.7324101453402685,0.40189127892211285,0.5644782023405187,0.5592778433687524,0.4641614570607565,0.5707562639380821,0.567443919716647,0.43554068863008955,0.5157029656489953,0.41023805898917554,0.5370468103963097,0.6245325720470513,0.5828305609622135,0.38276989005010287,0.6443463564436509,0.6587121212121212,0.5263963697395815,0.5081243112210605,0.4810114128295946,0.46597437109484197,0.5052643374603337,0.6383460914853273,0.6075364340146964,0.5210431612285649,1,0.488943092467364,0.4952376336321408,0.5423865366842902,0.6692610640807337,0.5785829965882683,0.4681468089823344,0.5180124487611057,0.37557392102846654,0.47856437362533244,0.39643385515260754,0.42301627844299017,0.4748556256715192,0.5373416621900817,0.5353043421225239,0.5584907516725699,0.614150428338667,0.46601356907178937,0.6278607301989968,0.5388790502426866,0.3955955660501115,0.5385619327076578,0.5939574314574315,0.48055789665745763,0.46644331696819086,0.5062065815464163,0.5249559511210224,0.5709858323494688,0.6174437064244405,0.5520300406664043,0.5129521361044916,0.6071592548865277,0.4526747888729147,0.48589882076785573,0.5352415188795019,0.6239013511740785,0.5013774104683195,0.5380313480011008,0.5236455463728191,0.4094811938582391,0.44121118992149155,0.4483758949447796,0.4650554591012941,0.39923256389758754,0.5748926667811727,0.5198017587712653,0.4344910140364686,0.5631698906341621,0.4891282959464778,0.5743316332024232,0.4203330041974165,0.47215663124754037,0.504488302044408,0.6456280560501169,0.4200167020663861,0.3739142857031368,0.5233585858585859,0.4665711643650824,0.47666270409514255,0.6282795487340942,0.43694824944011257,0.5778881502121265,0.4349993440902531,0.42441238514040547,0.4761936559503692,0.45093104312837584,0.469254230617867,0.5188504741289811,0.4794376524974604,0.5180700230740708,0.4810223419636178,0.4234389348025712,0.546305757511059,0.479004763415377,0.4916520059144548,0.5752388904119106
0.5040155751602295,0.5238814367283573,0.635345869655974,0.45395455630418036,0.38087708877463144,0.4644770747214356,0.39369270036563264,0.44643817544162057,0.5568234216857032,0.3583985111289173,0.37940263840379473,0.5082173118632987,0.40282708867707107,0.569356591594659,0.4421962518744713,0.5838894901394902,0.5352058846581227,0.5195915717819339,0.5434831667914375,0.4582802827196869,0.4293219793370021,0.4807386966454593,0.4166137729568249,0.43637536015716005,0.488943092467364,1,0.4992834123975458,0.3854418654540692,0.5065114780115971,0.41236297817368883,0.40306198681485494,0.39290610149576577,0.480991230991231,0.38916093465315604,0.5630959088458791,0.4566893631941673,0.3217734010599256,0.38524951611964675,0.581674017294318,0.5344083965324566,0.4625546654981535,0.3740168706283582,0.531817872821785,0.4923091006737623,0.39897050526749767,0.3639780619079487,0.5780933978302399,0.3725172267195428,0.47471917544608866,0.4337647137667442,0.3925582364982537,0.5360252633748874,0.4699511927286769,0.591808118781803,0.5505691123068117,0.4297224392149205,0.45109366239878657,0.45665803361331914,0.5308724625634949,0.6427060616910242,0.7177632935151732,0.395643694534341,0.6401827078518809,0.4526911518016681,0.4290163538988766,0.4330739837063273,0.6368012249533155,0.5530769849285435,0.36944016905010846,0.32970522552730297,0.351335725677831,0.40861234059770746,0.5450836235610672,0.41924255506423724,0.4393613180202399,0.5424801180440277,0.43583434275123023,0.4859030710217701,0.34410046598378186,0.5400342868816423,0.5359487734487735,0.4536383841720133,0.4596815263763052,0.43011736592563654,0.3781851717884255,0.35406318430473604,0.5681723247512721,0.31378673492583564,0.36649105681199245,0.4045410383375011,0.49390860810033743,0.36128143353071684,0.38930507620135957,0.5600486615247131,0.3539636677027387,0.3486669867308966,0.4838370096487621,0.29427569797845776,0.42451475036113784,0.5695065776581087
0.34024595735057983,0.354460288389538,0.4410100975580292,0.48373585478848635,0.4821101375957785,0.6356117566643882,0.5648273823085854,0.40771975873706545,0.4977184027706405,0.42173890838280437,0.5372923811904375,0.5132866188818141,0.5613654058937539,0.4152211138536369,0.5222406780422091,0.5693843193843193,0.5354631525113691,0.44506210308700134,0.46163799650641757,0.39409208809400764,0.5089186600565008,0.6353031503513429,0.5714468662137208,0.47345585503627086,0.4952376336321408,0.4992834123975458,1,0.4813707595460137,0.5171656816040473,0.5213208073271054,0.45477538259274974,0.4456838620183594,0.5000416250416251,0.4833442778695908,0.6771149749357162,0.46494854057252155,0.5247584657016147,0.47774619123774154,0.589482635159327,0.6690096453254348,0.6200045640077627,0.5778855212744254,0.4859110683510428,0.529253870607254,0.5492424242424243,0.4969543967156844,0.550947006210164,0.5518326547884375,0.9430650112449144,0.6112670156549128,0.45199837927608544,0.686297182349814,0.5654484820855171,0.5482024867363213,0.6387266909030392,0.3395800106326422,0.6308481876696908,0.4757625705191062,0.453185620600726,0.4324337629788758,0.4068416441536743,0.5379473158375789,0.5897743547179637,0.43886581781816203,0.6122416601666529,0.6592776843289454,0.6932326295553002,0.6754455964607553,0.5951731362008235,0.5545580480866721,0.6648729507752065,0.5643312026167115,0.5460895203376407,0.5330658175590013,0.44032057930869517,0.46803033015439033,0.622910121297909,0.472328411356717,0.3887481407998207,0.6390720348323602,0.5936147186147187,0.8972121146316103,0.3766989750187658,0.5115117338801549,0.4941560494199626,0.506864870046086,0.5651511082902061,0.5179414406412937,0.5585398349405147,0.45416433153648406,0.5398279247903308,0.4605994712479293,0.46543929856626276,0.5038388422007605,0.46171343859492797,0.5184967288350747,0.5946104880255452,0.3633725326080741,0.366073052682265,0.5278469622526597
0.4926149856226486,0.48297589922012985,0.4337956778662617,0.355685073072291,0.4534816232337555,0.4376361629181178,0.5097089314194577,0.5928155321274122,0.5491465421252373,0.6269449804869469,0.6063432644780666,0.579026654881304,0.6053639820758097,0.398540692560412,0.7164766077316448,0.5827471139971139,0.5800614805237776,0.49412016796622016,0.6462031702633206,0.5676887938886879,0.674383983854098,0.46560211916439354,0.49766428335088975,0.6710170089530597,0.5423865366842902,0.3854418654540692,0.4813707595460137,1,0.5257691341516546,0.678095381854771,0.6776324858254761,0.5897749252069193,0.674186924186924,0.5798881378096759,0.4505091138918005,0.503401555792028,0.7129266274081628,0.6982720320963902,0.6291476798055746,0.5531674152914754,0.5564101287316567,0.5975838291289389,0.46097503109010574,0.4975749709772266,0.6607298820644685,0.584427104741939,0.4875272388430283,0.5873642500233742,0.4678680880298898,0.5566536401823545,0.726178328000236,0.5120703544575724,0.4850388541884433,0.49642463843591667,0.508727325170165,0.38273104297540395,0.6127312800446895,0.5694656742012615,0.4688800246787792,0.35004366978051193,0.4635981186733067,0.6150908072475618,0.6162277989345659,0.4744719235507613,0.3870041991956834,0.48601534790047574,0.528420968919049,0.46990561030318667,0.5848157060269472,0.5955472037850713,0.6130951024748017,0.583884760857924,0.6126562347427009,0.5601798998308417,0.6529340735764891,0.4457051720209615,0.6365955125634118,0.5371162876176314,0.6777287219172177,0.47823683213773516,0.5533369408369408,0.46596406790827394,0.47971276824441234,0.5337134774164849,0.5968947789251835,0.713859414088762,0.502009623626165,0.545031324613595,0.6095374400116051,0.4975363769827792,0.6021429385151189,0.6072126884280856,0.535858820380397,0.4820422414778708,0.5511067559106623,0.5509025540040577,0.5097335794855484,0.523114716990411,0.4201743398854816,0.5200892262478171
0.6596679647009085,0.5115660694698985,0.6937130486531895,0.44103119103119104,0.6144418009824535,0.6045898545898546,0.5283605283605284,0.4725440519188534,0.6855300148921211,0.5137909693545215,0.5415690195137863,0.7497309805928378,0.567906852579472,0.3851519649800439,0.7253325664063988,0.7115500240500241,0.5785619301397802,0.6278507649052467,0.7144660894660895,0.5468909978906553,0.597856813586936,0.7544853439000132,0.6013453842309799,0.5914686780812574,0.6692610640807337,0.5065114780115971,0.5171656816040473,0.5257691341516546,1,0.6401644807725061,0.6151693522410533,0.6994984157140267,0.5038433788433788,0.5599699390241524,0.5422972111068852,0.5801752726120886,0.4501333381363951,0.56031909053571,0.5808080808080808,0.6988289488289489,0.6991922643999593,0.49168768119044914,0.6182822408664868,0.6118048618048617,0.46259296259296256,0.5764256936455545,0.6756854256854257,0.5061587145219264,0.4893219097391208,0.6223760376730572,0.5830512832963086,0.6879231879231879,0.5967023933142949,0.7488067488067488,0.5410270873660908,0.3728771228771228,0.5462770042954104,0.583537628336137,0.6237691121715261,0.5968337218337219,0.656995781995782,0.5893446516090045,0.6478660228660229,0.5323545896229233,0.6296965680036051,0.46001444350417153,0.5659204700000334,0.5090795818629992,0.5488382834851737,0.5559515293806075,0.4955044955044955,0.7164116612202259,0.577034077034077,0.5731557150941895,0.5019183084131189,0.6560800310800311,0.6435049127965917,0.6354184104449249,0.5172276288428206,0.5285636682723067,0.6509379509379509,0.4879797693488317,0.5386090315405208,0.5393495393495393,0.6513384090964639,0.5513737681694527,0.624056499056499,0.565796722543286,0.5766947419217712,0.533279209335279,0.5721223221223221,0.6440156303285685,0.66925385226193,0.6412972034366828,0.4685965771821575,0.5053835053835054,0.7106233403323257,0.5116500386207061,0.44199822161306823,0.49535827001509714
0.510459623173763,0.34331815449358905,0.4876919577815457,0.5261682761682761,0.4539893092489692,0.5358807858807859,0.5365745365745367,0.553451283603731,0.4888346075852269,0.693760481494186,0.6482998607550919,0.6930872070173293,0.6697596450402898,0.38922812085808045,0.6113755524565094,0.7918771043771043,0.5608862040123354,0.4870749427108191,0.5578449328449329,0.5801799595395722,0.5474368787750266,0.5929586969656906,0.5804661558867448,0.5618186692945797,0.5785829965882683,0.41236297817368883,0.5213208073271054,0.678095381854771,0.6401644807725061,1,0.7057467546558871,0.5149266642825083,0.4956293706293706,0.5104757138056755,0.5010587641790297,0.5375943818330785,0.5183600413712763,0.671224343030925,0.6674991674991675,0.6206848706848707,0.7022058364746107,0.5003694191576032,0.5140022771945484,0.7684260184260184,0.4723609723609724,0.5118539082874194,0.6667869167869167,0.48478248380270983,0.49203403401917745,0.6730086573667562,0.7489306887401865,0.6207681207681208,0.6523475443363147,0.6047286047286047,0.5158930550385443,0.4415861915861916,0.570609426444123,0.7250817821243962,0.5246610041186803,0.4417665667665668,0.5828477078477079,0.7241019488714941,0.6576340326340326,0.4827156392452271,0.489532087231099,0.4655954096738165,0.6027538064044133,0.46418709945435044,0.6258508629613002,0.5815637191537869,0.5052725052725053,0.5540116994602908,0.6494061494061494,0.68186034407941,0.6391667085212193,0.5709429459429459,0.5950500535646585,0.6338159713263194,0.6842635920675686,0.4725394604462183,0.5545454545454545,0.49099334142348305,0.5293191176274756,0.6150516150516151,0.5564927099550845,0.7573948590410965,0.5459124209124209,0.44219449077841966,0.5713447873318482,0.4523352851965765,0.6518204018204018,0.5633581180117637,0.6104284340445371,0.5267441316289008,0.47894975531636175,0.5920745920745921,0.6406888461609734,0.5292890741087506,0.45527271447632867,0.586714960547871
0.5160277888465423,0.5335414882534059,0.5648931847099591,0.4747815154770042,0.5582477544694937,0.5537250865258385,0.411512140741464,0.6754763858228496,0.5092940245083195,0.8386480354716217,0.6850157725739607,0.7102585174387113,0.6515975080786708,0.4598287483116261,0.7271912316291849,0.6734758297258296,0.7131709868286014,0.5349047728870071,0.6984669465872473,0.8051419017769308,0.733677794900671,0.5137407111322712,0.5843474949190366,0.7504056666904713,0.4681468089823344,0.40306198681485494,0.45477538259274974,0.6776324858254761,0.6151693522410533,0.7057467546558871,1,0.7368474596084558,0.5866078366078367,0.6162870903376927,0.4136865735081168,0.6509016882574697,0.6251927298304895,0.5712012299119673,0.6018033449424427,0.541719965498161,0.6369861152156528,0.5361607171507028,0.4349454793382683,0.6647119693172324,0.56156313402554,0.5565054946552392,0.6968249586670638,0.590290624672906,0.42126658604477407,0.5897909754127773,0.735608357688815,0.5572645086742831,0.5805531574621405,0.6213538445681303,0.42745657436147966,0.3776355119400232,0.5309352302358639,0.7068045394930875,0.5945729444767952,0.447761991558984,0.6137283142922241,0.6497080567099855,0.5982998622096367,0.6743726834868361,0.4727130211851993,0.396333670207636,0.48139436203111874,0.4007340326333557,0.5861919256732908,0.5932180249954093,0.5951671657498725,0.5362016850520489,0.6071115288220551,0.6187105290191595,0.7275867514444416,0.536508478989682,0.5118006345451487,0.5097027542549688,0.8607940553435958,0.3915512136840287,0.6882936507936508,0.4241389360820883,0.5223955700140321,0.5446971053174061,0.6488111385043982,0.6586700726187266,0.46846634985732727,0.48941408412772736,0.4783900180816736,0.3884464225004045,0.6024733098981219,0.6503807256593294,0.5509210779745409,0.5268597830082553,0.5418235523818369,0.6862327626425371,0.5249830854031057,0.5795700231442087,0.3297736403084972,0.4395979300991043
0.5628252069347032,0.6205267164250062,0.5120186349010639,0.4662909980579154,0.5182247532915516,0.5467383285052458,0.40452538272087146,0.5916756414765801,0.6073161482552274,0.593999834931638,0.5659497867420265,0.7025860955874048,0.6016523189797959,0.409598815133111,0.76638934865976,0.7111892736892738,0.6320794846097877,0.5399936476674083,0.7326903568444921,0.664443640079961,0.6813078855296539,0.5539837596140399,0.5264915903757099,0.6677718551443329,0.5180124487611057,0.39290610149576577,0.4456838620183594,0.5897749252069193,0.6994984157140267,0.5149266642825083,0.7368474596084558,1,0.5920884670884671,0.536466556911597,0.4018483718157706,0.557842391441008,0.538512609568468,0.4906940765864407,0.5996609489090692,0.5803938959953998,0.5810910365595781,0.5142913082085613,0.4688414127513909,0.633433421215376,0.5628220985363842,0.5268491492319894,0.7107594160225739,0.565900712829154,0.42853435878046664,0.5576541524890711,0.6278992523365556,0.5570197137866311,0.5337256590281967,0.6128025691935467,0.42203374512189085,0.4133019236402695,0.4137757495770362,0.5723661875908336,0.6135803934592667,0.46642160053814197,0.5280279974828848,0.6370252267630938,0.5183200154064815,0.7784250685192806,0.45876092472234387,0.3914550885534356,0.47057639801673046,0.4098778459511746,0.6694059420477476,0.626933124479766,0.5866158903752889,0.5972489622856983,0.602650023326715,0.6491538573561771,0.558992481702903,0.5509513773611517,0.5514021793283548,0.48580240416041154,0.6528712117333852,0.4275705474646775,0.6466089466089466,0.43096548205048035,0.5917685939468086,0.5744111360652714,0.6428362306529676,0.5676559463436041,0.4879762989725396,0.4849182218579021,0.5508065707640863,0.35800448756415926,0.598089108051514,0.7418856356671734,0.5743702570297493,0.4914883135157344,0.4476954670673794,0.6732328657140688,0.5699586542786292,0.649520043959311,0.2892595466640371,0.43369157942450576
0.39600677100677106,0.45156232656232653,0.34819347319347327,0.25256687756687757,0.43141580641580646,0.33920246420246414,0.3398962148962149,0.4884421134421134,0.5659340659340659,0.5411949161949162,0.42467254967254964,0.43881118881118886,0.47513597513597516,0.5113775113775114,0.555902430902431,0.523253367003367,0.6298423798423798,0.568015318015318,0.5406537906537906,0.46259296259296256,0.6314102564102564,0.378024753024753,0.5907106782106781,0.5027472527472527,0.37557392102846654,0.480991230991231,0.5000416250416251,0.674186924186924,0.5038433788433788,0.4956293706293706,0.5866078366078367,0.5920884670884671,1,0.6301337551337551,0.5511433011433011,0.617049617049617,0.5664474414474414,0.7214313464313464,0.6293290043290043,0.4543095793095794,0.4812548562548563,0.6598817848817848,0.3403402153402154,0.4610250860250861,0.7418831168831169,0.5743561993561994,0.45624398749398754,0.5362554112554112,0.4821151071151071,0.5181346431346432,0.4889520202020202,0.4287518037518038,0.3328199578199579,0.41271228771228774,0.4498973248973249,0.28570041070041075,0.5881618381618382,0.40719003219003214,0.3857670107670108,0.2607392607392607,0.3628593628593628,0.5662948162948163,0.4656177156177157,0.4617604617604617,0.40449827949827954,0.5746336996336997,0.4636335886335886,0.5066045066045066,0.533050283050283,0.5231990231990231,0.544025419025419,0.5267649017649018,0.5905899655899656,0.5349511599511599,0.5635614385614386,0.3765956265956265,0.7258898508898508,0.4684482184482184,0.5343961593961595,0.5528499278499278,0.559469696969697,0.47824397824397824,0.4383810633810634,0.4550865800865801,0.6555250305250305,0.43659118659118656,0.5324675324675325,0.48615273615273613,0.5524170274170274,0.37150349650349646,0.564116439116439,0.6005938505938506,0.45350482850482854,0.4141830391830392,0.5554306804306804,0.48339160839160844,0.5535020535020535,0.4446248196248196,0.42486679986679987,0.558459595959596
0.4857316387715068,0.4407253699026773,0.46348171150617534,0.4179466523451486,0.5320800570695925,0.5683187948225542,0.49753442046675134,0.4786109558318409,0.4970900630054301,0.5380268817727256,0.5975783380837079,0.5990081836645418,0.6249848689941171,0.5000766239084418,0.6794468836133847,0.47483766233766234,0.5314501752671332,0.5807675954755346,0.6695590437131791,0.570704809541339,0.5554324404268279,0.5855301816868319,0.6109447527269308,0.6993503012804991,0.47856437362533244,0.38916093465315604,0.4833442778695908,0.5798881378096759,0.5599699390241524,0.5104757138056755,0.6162870903376927,0.536466556911597,0.6301337551337551,1,0.4361474427765466,0.7948171598015877,0.5144590800028941,0.5432418765335365,0.4812702752552377,0.5810508413891873,0.6565577845158699,0.5592870742448806,0.43514104858994085,0.5372915513892957,0.5158599963111241,0.5928572880808619,0.6617429354271459,0.543597756425783,0.46194319964841557,0.5322540483233078,0.5933028466765121,0.5829899423884386,0.5591924069844886,0.5688479857652791,0.5402396104468622,0.3635829291844329,0.44705457488014644,0.538651029893467,0.4311685986174094,0.49761918323948406,0.5123372554763532,0.5640634677940473,0.47586919137671024,0.511698549809543,0.4522583283800815,0.43601407931185476,0.48372556390818355,0.4160327318786772,0.6081016906829259,0.5430369123270606,0.6960447655936377,0.6207858856805868,0.497091755362432,0.6198226347763728,0.5816186865186639,0.4264887055300589,0.5652277844497029,0.5533500387002006,0.5196643142147858,0.43105476086675476,0.7183261183261183,0.460598896673439,0.3488199680231875,0.5260705877247231,0.5444353588243265,0.5181226942998961,0.460366148054118,0.5093699014902968,0.5814338653585741,0.4359761606386561,0.49809670279595086,0.6117641748794909,0.5019432060213116,0.6064765925725049,0.5481484426623899,0.6396792847920667,0.5958678894688499,0.4534164479852405,0.4176432612368959,0.4765366383046432
0.4427269585466457,0.4267366712196137,0.527744998737605,0.5188283938283939,0.3755356432666217,0.45161782661782657,0.45231157731157734,0.4053505949752385,0.5682643334131827,0.3636294003832784,0.39075355448506455,0.5002234102031002,0.41534922727200463,0.354179144242167,0.4316361744456919,0.6771434583934584,0.520892282719975,0.4930020881784055,0.5253635253635254,0.3392213504708501,0.42668446966474993,0.5581793328438444,0.4185008800384127,0.41539020371603974,0.39643385515260754,0.5630959088458791,0.6771149749357162,0.4505091138918005,0.5422972111068852,0.5010587641790297,0.4136865735081168,0.4018483718157706,0.5511433011433011,0.4361474427765466,1,0.3829686100672455,0.4076542144669455,0.5006773843537335,0.591006216006216,0.6064629814629815,0.48232823411504255,0.447873617938081,0.5051185549529587,0.5275974025974026,0.6229742479742479,0.4352276056237563,0.4733495670995671,0.390153995500062,0.6431194600769414,0.5583942129019248,0.4110175582072033,0.6175352425352425,0.5477581625281249,0.6051587301587302,0.6258585547816122,0.2630286380286381,0.6188380809986181,0.4795476345959855,0.4410837729680389,0.4275446775446775,0.48121323121323123,0.44495508840976716,0.8119103119103119,0.36373606910589906,0.5349057084625877,0.5698818760226045,0.8711656110319177,0.9436695833720797,0.4356745975716455,0.40408747664577294,0.5057026307026307,0.4920288339428279,0.5477716727716727,0.458490085467237,0.4458786574876633,0.46930846930846926,0.5192927090013177,0.4110780165580147,0.35101113143599727,0.9367859358261433,0.6414682539682539,0.6539478192644161,0.4689311484417512,0.45980408480408486,0.4022353543800947,0.45418392334819513,0.9378676878676878,0.4049605049922256,0.5237818011965277,0.5142848962883202,0.5859002109002109,0.39032164138473724,0.46555986331809884,0.5847772150747554,0.3955312385903371,0.47070984570984575,0.5662007101229521,0.30795604967687495,0.39086108928561003,0.558239291425716
0.46519346435823583,0.4283775438658909,0.48387647954690005,0.5459901105577797,0.5784305286636167,0.5535051101780425,0.4112921643936681,0.5089346071029264,0.5254569153728936,0.5492533864246012,0.6361216187460665,0.6277797062904358,0.6519137477981714,0.4588730656293949,0.602960301595737,0.5250571188071187,0.6247954828588749,0.554638113609297,0.6449351191832394,0.5815005567710982,0.5804255855878315,0.6060551592525842,0.598023196881826,0.5363045976653233,0.42301627844299017,0.4566893631941673,0.46494854057252155,0.503401555792028,0.5801752726120886,0.5375943818330785,0.6509016882574697,0.557842391441008,0.617049617049617,0.7948171598015877,0.3829686100672455,1,0.4581260072779435,0.5218453663325331,0.5407711649253003,0.5623204385422431,0.7344723568993766,0.5497914705213898,0.4118397343066592,0.6032859475528648,0.5753608859811867,0.590683123844591,0.7483439075544338,0.5711391425752912,0.442765412872683,0.5577876683258621,0.6226866070802033,0.5710622606299298,0.5894879317489476,0.5569203040067702,0.4773507133780144,0.402747263179594,0.4291414155751092,0.5264619885142598,0.4816667822499694,0.4728737427985549,0.5187101954019246,0.6084227354829919,0.46394150961820135,0.5687203970320317,0.5027399672121088,0.41554672125951575,0.4233134703538439,0.3554201447173372,0.6324194240186918,0.590932790162431,0.6066734748125726,0.6368458214726147,0.5790107031648385,0.650582735615164,0.5453328731881654,0.4369790819038939,0.6112527173088245,0.6178779046464833,0.5293077185822428,0.3580634006859096,0.7057900432900432,0.44089442143789803,0.444873992604068,0.5757612375093578,0.6518947011295142,0.5561563143024504,0.4459590534778505,0.5248408630244502,0.560554837730188,0.3966680949660154,0.5754547353231563,0.6956057177390663,0.5857847488808872,0.6149647580296046,0.5636541634360185,0.7170373173192722,0.5860810933558585,0.49576790198630616,0.4357311196990943,0.4923604208587974
0.3859667962638913,0.4504321433530314,0.37956213810585004,0.3071981902808971,0.47357987942423374,0.4605778515552952,0.3897934771994923,0.5812112154860132,0.49200265357917994,0.5867762329079962,0.5464757224866365,0.5397623437248005,0.5931621201987727,0.37817903335755776,0.6339328518645463,0.527056277056277,0.4738264044349326,0.4165683042764612,0.6011176480161442,0.6059025424767017,0.6112764076066661,0.4600555840926619,0.46234887400342994,0.6566913187284844,0.4748556256715192,0.3217734010599256,0.5247584657016147,0.7129266274081628,0.4501333381363951,0.5183600413712763,0.6251927298304895,0.538512609568468,0.5664474414474414,0.5144590800028941,0.4076542144669455,0.4581260072779435,1,0.5248191853202009,0.522219238572622,0.590599876314162,0.5846927745064514,0.4991723641454757,0.5135787398713337,0.46207510117284556,0.5538014408315161,0.4390231028245234,0.44929660982292563,0.5862881700856617,0.5210218368522058,0.6053681113970474,0.5995524437922748,0.5479990560817629,0.43802426108656844,0.46092476863153553,0.48661316217634143,0.2792039622866691,0.46597946025571435,0.5200122165953068,0.40493379809326346,0.3145437999761308,0.35666967744035405,0.5378526913376112,0.5092993577016134,0.5010190767745718,0.3938584308757085,0.38773241791787727,0.43330297346939006,0.4059784481378649,0.6774884373816741,0.5639565424819419,0.5775952326704207,0.6076377899079798,0.5057277935097484,0.6368154683501698,0.5518868826669521,0.4986406763662402,0.5407275373314517,0.4215122189467655,0.5985841289160865,0.4172278654801931,0.513023088023088,0.4775463510700042,0.4401884967700139,0.4446421790406754,0.5857047868021159,0.6126124431388179,0.5022240395360696,0.6157940349902298,0.6213482077532395,0.4367800349851776,0.5368811639488331,0.6838067131658692,0.5324477727605154,0.46918713262844025,0.46515390913447285,0.5689741127711052,0.5504260946438341,0.5641509369511698,0.3075791578022137,0.4876050358479146
0.5792527096612685,0.47994259752272506,0.5378250618035234,0.35214768523039197,0.49713409937766306,0.4191864943744642,0.41983069144723284,0.5093190382853793,0.5776608435065065,0.5726150004905034,0.5894756651652211,0.5849229483602176,0.6518907340032646,0.4399003940848438,0.6011059162002664,0.563011063011063,0.6028806233343518,0.5495710254569848,0.552353150191496,0.4622989997226742,0.657618206972451,0.4816419383888404,0.563237767857925,0.48627181409018194,0.5373416621900817,0.38524951611964675,0.47774619123774154,0.6982720320963902,0.56031909053571,0.671224343030925,0.5712012299119673,0.4906940765864407,0.7214313464313464,0.5432418765335365,0.5006773843537335,0.5218453663325331,0.5248191853202009,1,0.6355290281982011,0.5210238800464364,0.5270881434490489,0.7693117970325487,0.47742845995261685,0.5097321225140774,0.741547320682659,0.7019445463297592,0.4782173966384493,0.6684878910015403,0.5033314464860527,0.5818783234278809,0.667545329764069,0.5229629810456878,0.5049713325449132,0.5088210244225282,0.5248791853988223,0.3645265761807115,0.6497903913013401,0.5224639186832352,0.45136170438730794,0.336401745706257,0.4550159218392301,0.6647653461240582,0.6003660395577689,0.4896290713886857,0.4240910187739343,0.5661223318405455,0.5597139780402561,0.4698013339269911,0.6298704674835844,0.5620769627517044,0.516970185203268,0.5685092270699063,0.564770421725309,0.5683067472730614,0.6209078666861294,0.3334530861786501,0.5577025592607843,0.4781110114340258,0.5408715930074554,0.46435338177683705,0.5534271284271284,0.4494343041473172,0.3923837480136716,0.4541388644772103,0.5363770688867098,0.5303197198997418,0.46365657108138314,0.5277303980754091,0.6427327789373285,0.4476159496475489,0.5398013431848018,0.48864031831422017,0.46651011919495,0.42954479743819984,0.6685803378493598,0.4963189901159826,0.5130950796677483,0.42153788450109464,0.4555649259425312,0.4637092975623285
0.4143634143634144,0.43523690177825514,0.5224953617810761,0.5678072345365579,0.4914569974720351,0.5664249910490512,0.5638224348750664,0.5550355868025041,0.59265574650913,0.6034653733901854,0.560952977682301,0.7092857956579761,0.6018594918031008,0.47841831309876415,0.5422077922077921,0.7132335257335258,0.6686756121906497,0.42261904761904756,0.517957366359622,0.5126207021883714,0.6935333463528952,0.5595145873341362,0.5072150072150072,0.45492912475995184,0.5353043421225239,0.581674017294318,0.589482635159327,0.6291476798055746,0.5808080808080808,0.6674991674991675,0.6018033449424427,0.5996609489090692,0.6293290043290043,0.4812702752552377,0.591006216006216,0.5407711649253003,0.522219238572622,0.6355290281982011,1,0.6444620751011728,0.7052881120550294,0.6604620317026333,0.5460333734769824,0.7125831353274963,0.6710379845718192,0.5840529353687249,0.6751184488026594,0.6992888064316636,0.6207648450129652,0.727980394709718,0.6402159244264507,0.6652355998220659,0.652489719970923,0.6529912443446277,0.6378701081708601,0.5263106358971021,0.7178738241708167,0.6294016968828999,0.5793620957154793,0.44654534062428797,0.49238179322765785,0.6599291790081264,0.6716039286528008,0.5286152339723769,0.5941677787542449,0.6871814275949615,0.6573156375787955,0.6270816380778788,0.6137807994011002,0.6048366316223459,0.507756946478751,0.5144647332617258,0.7596371882086168,0.6048006922067072,0.5952804088142434,0.4523800030378978,0.5692340067340067,0.4874389708036324,0.5281762306198396,0.5610834445420911,0.5595238095238095,0.5665363354273129,0.5385725385725386,0.6419653028675585,0.6034699844850221,0.630054166802287,0.5495007811737135,0.4545445052024,0.5599386724386723,0.47740780522735415,0.741470830756545,0.5380839815990192,0.6067986524753443,0.473874079137237,0.48885905239288696,0.5705643980080071,0.5796991124998644,0.4149234015775368,0.3514638869902028,0.5842398696465683
0.43714618714618714,0.4771943386605041,0.5338405537653658,0.4979835953520164,0.7170879037420391,0.710887066150224,0.5686741203658496,0.438632837505018,0.6210077412145081,0.5493970315398887,0.6339864813549023,0.6575788768457942,0.6748929954757023,0.35711044385856405,0.6487910794301772,0.6069624819624819,0.4657350898892253,0.5223248973248973,0.6517515379357485,0.45855236033807467,0.5786343564539054,0.7818987403573869,0.6320707070707071,0.5743301706647572,0.5584907516725699,0.5344083965324566,0.6690096453254348,0.5531674152914754,0.6988289488289489,0.6206848706848707,0.541719965498161,0.5803938959953998,0.4543095793095794,0.5810508413891873,0.6064629814629815,0.5623204385422431,0.590599876314162,0.5210238800464364,0.6444620751011728,1,0.7933700593475029,0.5953281472078464,0.6610169905282688,0.653942757326216,0.5346301359459255,0.5189190508739381,0.7328463933727092,0.6309081686901236,0.7219884125899163,0.7546832449088088,0.6026602052917842,0.8859706083390294,0.6555376536579545,0.7274677494602306,0.8343317709859064,0.4472620946305157,0.5845581214942117,0.5756664388243335,0.5377285204352873,0.6227534474714926,0.5902040002603912,0.6727173724354176,0.6746518623398323,0.5482061484881033,0.8212416864672504,0.6188007898534215,0.6668570777593334,0.6301295717649101,0.7253630559081687,0.8050088695765387,0.6536620230229253,0.7828187893977367,0.5785478306154999,0.6345956883550868,0.39718424850003786,0.6590457474855971,0.6338684463684463,0.6532883887207195,0.5035494580607363,0.6146879644999945,0.5816378066378066,0.5695842691143442,0.4566822066822067,0.5564232551074656,0.6230608990007487,0.6903767806963296,0.5929012194989638,0.5863803176773101,0.6534812409812409,0.5412164068179105,0.550177391530775,0.6064038613850644,0.5991786826373292,0.6771384630407187,0.4269719211448535,0.5736123316950384,0.7523512515053868,0.4787320031680934,0.4118711280365416,0.530750429793492
0.4575813679405212,0.42322779700857494,0.5577648302672368,0.6317419631329406,0.6639716162602959,0.7732168625025768,0.5563285920428778,0.5345335953293912,0.5530889161041587,0.591557780531031,0.7675908332621828,0.7736802300498266,0.7624448841932592,0.39653068558695226,0.6354377787030473,0.6361531986531987,0.5697181402169847,0.586279532740233,0.5954975371328755,0.5864682605994388,0.6400494154771296,0.7556375667363884,0.7268951956866967,0.6195583804257153,0.614150428338667,0.4625546654981535,0.6200045640077627,0.5564101287316567,0.6991922643999593,0.7022058364746107,0.6369861152156528,0.5810910365595781,0.4812548562548563,0.6565577845158699,0.48232823411504255,0.7344723568993766,0.5846927745064514,0.5270881434490489,0.7052881120550294,0.7933700593475029,1,0.5863566504383076,0.6357337335272802,0.7079752953813103,0.5269743623127081,0.6231999260513076,0.8386543281280123,0.7290483423692827,0.6592853663277443,0.8026141501736331,0.7381497496829804,0.8068862632772407,0.7922469710195986,0.7198119758270134,0.6716343456137327,0.5353082381277869,0.5867313740813308,0.6493150505345536,0.61512037845568035,0.5984000857121159,0.5728079668869142,0.6762121134054152,0.5955675172780436,0.5678739314630007,0.6439588386868702,0.5554644330059755,0.5399210629556903,0.5319080216432701,0.7302443714921599,0.720709321506201,0.6460062493897081,0.7127243417662207,0.6242738881836627,0.6481753355699269,0.5432220464010092,0.5328061766971541,0.6791625002385275,0.7232375937754849,0.5828976471226903,0.49496208719222046,0.65202020202020206,0.5661874523806556,0.4656307099439405,0.6509629050982434,0.7163494184163703,0.6985778967970132,0.487069811975827,0.6096210931369875,0.5977700637119283,0.5435604547714005,0.6027061701873732,0.7447892468709875,0.6780664978401334,0.6492156817278538,0.4917735166139703,0.6373851294903927,0.6934739332624495,0.507783391668892,0.47757150526212266,0.5826176547420716
0.4667447283536109,0.5760964998184317,0.5306552007139876,0.46067170089726484,0.5375947990450962,0.5277105100413371,0.5283547071141056,0.5120253315636039,0.5494977528943383,0.5187784236877107,0.5854871315921865,0.5918542860923905,0.6426624805989398,0.4167802082775135,0.5514312570975386,0.4963323713323714,0.6202210629540398,0.4885471283595413,0.5523428430383318,0.479291007286613,0.6279151965580496,0.5556685779874113,0.552265671579645,0.48659715498745404,0.46601356907178937,0.3740168706283582,0.5778855212744254,0.5975838291289389,0.49168768119044914,0.5003694191576032,0.5361607171507028,0.5142913082085613,0.6598817848817848,0.5592870742448806,0.447873617938081,0.5497914705213898,0.4991723641454757,0.7693117970325487,0.6604620317026333,0.5953281472078464,0.5863566504383076,1,0.4600508459983781,0.6073305558267964,0.7674079679718777,0.7326327492972106,0.5613453797664325,0.7122039219509705,0.5825306190994264,0.5606820628748942,0.5794813445640329,0.620252199763478,0.5590489929646464,0.5516884744328353,0.5516618384157129,0.4236717334461695,0.5901914608883184,0.4863534731447209,0.4200282808894714,0.41533500960192693,0.3897428907767253,0.6003158604221888,0.5684035575952868,0.5508896833559553,0.46961039052673703,0.6110008688496871,0.5367674778145075,0.473092008183826,0.7354953958292645,0.5914172973665097,0.6297624472436503,0.6095647774251556,0.5705321203441505,0.6216589483460141,0.5847974211476151,0.3392147847974917,0.5365247430297891,0.4620690339904152,0.47068932769562666,0.43039629444340866,0.6195887445887446,0.5539078636059777,0.33315534135290215,0.5378226410181297,0.5217958771116602,0.48821737551814903,0.44686187872278094,0.553411999188916,0.7219230302785195,0.46700840586970305,0.5523657628920786,0.4919925193871728,0.4474879240646693,0.46141975863924256,0.6969958135440838,0.6072136510106435,0.5174608246054244,0.4080479803108894,0.3608734543004608,0.44317716647502103
0.6816090320871633,0.5785623063112137,0.6757306897185957,0.5469233147804576,0.5351723622694395,0.5425335524959585,0.4717491781401556,0.5303876962941121,0.5746945072454539,0.4165827442816685,0.48667118365651785,0.5911632517959022,0.5750173347008813,0.47094290448530274,0.5884347368106253,0.6501623376623378,0.4676775043396002,0.5538722886468896,0.5375805585392052,0.48232236156415964,0.5103843013731908,0.6525442992800566,0.6216739871682654,0.5773172432951981,0.6278607301989968,0.531817872821785,0.4859110683510428,0.46097503109010574,0.6182822408664868,0.5140022771945484,0.4349454793382683,0.4688414127513909,0.3403402153402154,0.43514104858994085,0.5051185549529587,0.4118397343066592,0.5135787398713337,0.47742845995261685,0.5460333734769824,0.6610169905282688,0.6357337335272802,0.4600508459983781,1,0.5611075849797653,0.44353795744773183,0.520906764921398,0.5486209696736013,0.59274018172262,0.5269321208446813,0.6593772734049604,0.5270363257206583,0.6535250463821892,0.5903895440602889,0.6378793303605333,0.605286851415729,0.4802772624201196,0.5111532764039508,0.5471893535194765,0.540457997123286,0.5331650283717952,0.6402259707710836,0.5487539805221264,0.6564920146687063,0.5157482344479236,0.5180365760282741,0.4203388525512347,0.5899006290985079,0.5495178106522703,0.5421286995397395,0.5476397129639284,0.4212164610660851,0.6168702408014999,0.4812013800735605,0.5505358540936969,0.49214898096487947,0.6920609152752011,0.5112311110705248,0.5459211046840976,0.4734885024297354,0.5272880521226345,0.4443001443001443,0.4322595597800385,0.5544267104285736,0.5212566047152514,0.4917418900563695,0.452891259947125,0.5714946185810847,0.5465584510147804,0.4823172336589264,0.5250727995693762,0.4528309409888357,0.5569492641416245,0.5101945083787922,0.5254452651780068,0.39070045117784047,0.34116676973819826,0.6458344517862196,0.5664737592054377,0.5107255931415889,0.5458452079748002
0.44536019536019533,0.49775168440581974,0.5079603771333094,0.5740172943180462,0.5139008234872896,0.5696275320335471,0.5702717291063156,0.5370992416105198,0.5417733999500917,0.7317875315995617,0.5671630374637893,0.7075832166997581,0.6080695515845892,0.46950452429775735,0.5762194989638598,0.7354497354497355,0.5872233343098006,0.48508436008436007,0.5447578632729009,0.5695142889691762,0.571700897264807,0.5707143942106349,0.5884199134199134,0.49543433800952597,0.5388790502426866,0.4923091006737623,0.529253870607254,0.4975749709772266,0.6118048618048617,0.7684260184260184,0.6647119693172324,0.633433421215376,0.4610250860250861,0.5372915513892957,0.5275974025974026,0.6032859475528648,0.46207510117284556,0.5097321225140774,0.7125831353274963,0.653942757326216,0.7079752953813103,0.6073305558267964,0.5611075849797653,1,0.536700788768458,0.4623788909503196,0.7502120686331213,0.5653454523755276,0.5675964803784352,0.7412508544087492,0.6549768944505787,0.6752593062743439,0.7343358395989975,0.6679200707396196,0.5894522561815795,0.4986378283370765,0.5994465329991645,0.6901089303344943,0.649091885558051,0.4675738317655611,0.5621115830702297,0.7036849428766723,0.6166079430177175,0.5893224674239712,0.6238266119845067,0.5622606299298029,0.6088131584372186,0.5705818930442992,0.633305531143877,0.6135958131258883,0.5256932916707353,0.6004282893380638,0.6774872788030684,0.702247501871562,0.5161380182056874,0.5890270861135523,0.6380772005772006,0.6285973320747756,0.5933947422669227,0.5301638837353123,0.5555916305916306,0.5070290715967407,0.5318847818847818,0.5883184693335068,0.6621949896385986,0.710241919734401,0.5120877138734281,0.4028798999663661,0.4876082251082251,0.43025447818680906,0.6430871551172302,0.5760639423233408,0.6575263917369181,0.5421001095813126,0.36441672362724997,0.5839894650045026,0.6286838579131812,0.55608176284868,0.34976510540420314,0.6532391585023164
0.44999444999445004,0.46982662283414167,0.4078190606386095,0.5275670236196552,0.5226453579837038,0.4532524493050809,0.45064989313109616,0.5151892176328267,0.6272454675650164,0.5602176436762902,0.5207127667653983,0.5265822836311558,0.5616192808861982,0.4415794627260793,0.5737899944666862,0.5018338143338144,0.6284354012737472,0.4582500832500832,0.5525470874155085,0.4693729724744762,0.6536869771832179,0.4478458049886622,0.45353535353535357,0.4865113270188458,0.3955955660501115,0.39897050526749767,0.5492424242424243,0.6607298820644685,0.46259296259296256,0.4723609723609724,0.56156313402554,0.5628220985363842,0.7418831168831169,0.5158599963111241,0.6229742479742479,0.5753608859811867,0.5538014408315161,0.741547320682659,0.6710379845718192,0.5346301359459255,0.5269743623127081,0.7674079679718777,0.44353795744773183,0.536700788768458,1,0.6953278759669737,0.49092369618685416,0.6646990853757772,0.592584003298289,0.6283709815664702,0.6047969574285363,0.5656261866788183,0.4765466154563899,0.5499804706571624,0.5382606950276123,0.35527265132528285,0.6862916219119226,0.4553561935140882,0.40832411114365996,0.3469359274810403,0.3927723800844102,0.6283469767492323,0.6400217263939069,0.497426873460708,0.4911570050667795,0.6555992253360674,0.6257334353199014,0.6669280072475561,0.5855999576864238,0.5736482711106772,0.619031887077,0.5577124629756209,0.5855916848398052,0.576619850492031,0.5670995670995671,0.35277058989465004,0.5833032708032708,0.3878295576603846,0.4999953889051634,0.6043311742559863,0.6132034632034632,0.5349541331684189,0.42968142968142964,0.4709273182957393,0.5752891427703457,0.45600866343347546,0.5927485108876086,0.497792234916295,0.5183802308802309,0.37779839208410626,0.5674253273877334,0.5068956210873504,0.43576066790352497,0.3742646659939892,0.6001339929911359,0.5389821957491131,0.4800896993566166,0.38674255986286066,0.25185447384695514,0.45363650172262604
0.5278765692723328,0.40872924911564223,0.49852502327899884,0.5339224685089348,0.684682255464889,0.600961277653007,0.5335782638414217,0.4299853165782609,0.6138159161520551,0.5210176969317942,0.6563666685467006,0.5216801478846128,0.6116388802418868,0.4027313744944474,0.5889100929698902,0.40367965367965375,0.5892757592829402,0.47328514081464657,0.5428510399375062,0.4464288172668409,0.5961542319989521,0.7096455512676013,0.5931339215268276,0.5010061007914515,0.5385619327076578,0.3639780619079487,0.4969543967156844,0.584427104741939,0.5764256936455545,0.5118539082874194,0.5565054946552392,0.5268491492319894,0.5743561993561994,0.5928572880808619,0.4352276056237563,0.590683123844591,0.4390231028245234,0.7019445463297592,0.5840529353687249,0.5189190508739381,0.6231999260513076,0.7326327492972106,0.520906764921398,0.4623788909503196,0.6953278759669737,1,0.5589588773799301,0.6910787500828754,0.5010844989298952,0.5279639395034719,0.6262761953270146,0.5496151092015753,0.5863952944851658,0.5558813158437219,0.5454710335433073,0.48987674814742477,0.609532082007191,0.5046220266939951,0.40733604597291384,0.4815400243031822,0.4559479054779806,0.5957563113897313,0.5691950384619557,0.44177336300935954,0.6533153036130062,0.5903139960917743,0.5569466805816845,0.46440979832992524,0.5489324528406369,0.585226492494104,0.5565116796319804,0.6462379307627701,0.49989502978224787,0.5125426279994183,0.5973334303547815,0.26857769423558897,0.556445041936489,0.44937679907385764,0.4620071178417259,0.4177040595268512,0.6164862914862914,0.4682016244835596,0.3391955453119626,0.5341028436893098,0.563224119858302,0.4791010551715531,0.3702097505668933,0.721966278801766,0.5203960508979062,0.5301911149550713,0.481728672330176,0.5551201895624542,0.5107459999213069,0.4761088824133123,0.7566975590203924,0.5365765604487409,0.4866290280851414,0.3759248891890514,0.395800267002951,0.37362855430255515
0.3921957671957672,0.5254219464745781,0.5839596076438182,0.5991537702064018,0.611336032388664,0.6713494108230951,0.5181970076706919,0.553235361130098,0.5094845213266266,0.625703536229852,0.6686953397479714,0.7613090126248021,0.7127485088011404,0.4590378919326288,0.6308294045136151,0.59755291005291,0.6378511839038155,0.5299272486772486,0.618501527712054,0.6502484357747516,0.6149742070794703,0.6725198777830357,0.6443001443001444,0.5511560077349551,0.5939574314574315,0.5780933978302399,0.550947006210164,0.4875272388430283,0.6756854256854257,0.6667869167869167,0.6968249586670638,0.7107594160225739,0.45624398749398754,0.6617429354271459,0.4733495670995671,0.7483439075544338,0.44929660982292563,0.4782173966384493,0.6751184488026594,0.7328463933727092,0.8386543281280123,0.5613453797664325,0.5486209696736013,0.7502120686331213,0.49092369618685416,0.5589588773799301,1,0.6713999450841557,0.6188790741422321,0.7326314036840352,0.7197988658514973,0.7201716412242728,0.7764665159402001,0.704941841783947,0.6680570891097206,0.5734958024431709,0.5558974651079913,0.7186810265757635,0.7518402649981597,0.5986503262819052,0.6719886838307891,0.67343665106823,0.5727595503911294,0.662755811440022,0.65745657850921,0.5943936180778286,0.5643651669967459,0.5231930350351403,0.7042946819262609,0.6940578427420533,0.5550134076449866,0.6061932219826958,0.7653615390457496,0.6100417126732917,0.5313277365908944,0.5522145982672297,0.7654761904761905,0.7189466965782756,0.5950467660993977,0.5305238621028094,0.7150873817540484,0.5316746119377698,0.5685425685425685,0.6700749542854806,0.6328423038949355,0.7212151883204514,0.500068206647154,0.4671330131856448,0.5921717171717171,0.4998521945890366,0.6159276396118502,0.6536389049546945,0.6644446197077776,0.7254540780856571,0.45501516027831823,0.6145550356076672,0.6077424037950354,0.4989948647843385,0.47261189103294365,0.47609899404157774
0.4813902676473649,0.5041745828885925,0.5389956345519803,0.5698171294035956,0.5901495981890492,0.6398634573446604,0.4944037583135328,0.5269859744608301,0.5185606320539524,0.5267216940096084,0.6956372878507101,0.69601464554786,0.8214260582192259,0.4002830777458146,0.627890157834486,0.5290704665704666,0.6754036020551903,0.47967002305437256,0.5743890299341428,0.5432063540165918,0.7452398043891126,0.6160849333364988,0.6242177376872702,0.5620107595571542,0.48055789665745763,0.3725172267195428,0.5518326547884375,0.5873642500233742,0.5061587145219264,0.48478248380270983,0.590290624672906,0.565900712829154,0.5362554112554112,0.543597756425783,0.390153995500062,0.5711391425752912,0.5862881700856617,0.6684878910015403,0.6992888064316636,0.6309081686901236,0.7290483423692827,0.7122039219509705,0.59274018172262,0.5653454523755276,0.6646990853757772,0.6910787500828754,0.6713999450841557,1,0.5681713435753221,0.6994556394484287,0.6833999534990618,0.6632257049550283,0.7101822433371799,0.5965595807701072,0.5846028792699494,0.5243007410300643,0.5882787187357192,0.5059809938795566,0.46690075734443526,0.44453544575725024,0.4189433269320487,0.6516251214784983,0.5369409725612733,0.6221589224270513,0.48031814782364823,0.5409879611440986,0.5098200890074602,0.44615760539059157,0.7741852093906197,0.6749849046367863,0.6656109971899445,0.6488433912062105,0.6147701504844363,0.6466457901931254,0.5988353581670649,0.3789415367422887,0.5655234321893474,0.4723267127771792,0.5054011786994195,0.3926675308869978,0.670995670995671,0.4974402881595019,0.3753327910763131,0.7113839794290922,0.5632561616377034,0.5357495778159503,0.40463374344953285,0.598265043418351,0.644643204428117,0.4793853607774359,0.5966037930323644,0.6387374201811472,0.4905130424986768,0.5036888030423071,0.6616725426657402,0.6501871562021937,0.541944387885648,0.4947555884523692,0.39480352575771405,0.43013789411270953
0.34661650917366116,0.38375400177506214,0.4387100770942951,0.4772938840608013,0.4771887577871785,0.6172650240319413,0.5464806496761384,0.4127314395225843,0.4984132841454251,0.40372229047896624,0.505357392435352,0.5251481167291121,0.5470407539563222,0.4028207571331832,0.51274840206408,0.5537518037518037,0.5083529281514392,0.4207309005241179,0.4541910783452138,0.3669818637340778,0.4863992557169995,0.5964020852532039,0.5343690393607728,0.4523736312041937,0.46644331696819086,0.47471917544608866,0.9430650112449144,0.4678680880298898,0.4893219097391208,0.49203403401917745,0.42126658604477407,0.42853435878046664,0.4821151071151071,0.46194319964841557,0.6431194600769414,0.442765412872683,0.5210218368522058,0.5033314464860527,0.6207648450129652,0.7219884125899163,0.6592853663277443,0.5825306190994264,0.5269321208446813,0.5675964803784352,0.592584003298289,0.5010844989298952,0.6188790741422321,0.5681713435753221,1,0.6590455383206557,0.49053536213220184,0.7354107671776844,0.5870365285607837,0.5769079082988857,0.6949523554295944,0.4055457908841368,0.6386005779312525,0.4854748098944016,0.4726329216425642,0.46539088522171224,0.4396441590990463,0.5475100630131058,0.5955205926070588,0.44669835794533697,0.6152567882945609,0.6479839720179297,0.6742367349593037,0.6746614013564634,0.6125639400582776,0.5731699040857483,0.6459593247187232,0.5795366650718794,0.5644362529700876,0.526487330117254,0.4237170292103063,0.47447230088207537,0.639679287841516,0.4738604975321208,0.391209379123889,0.6474566181041637,0.5645382395382395,0.88323105541582,0.38552485214698007,0.5147069513610867,0.48764736802406106,0.5132984026766925,0.571593079017891,0.5116918775716337,0.5697192793029193,0.4625489148082875,0.5394671744295805,0.4683250366211462,0.47382388183806623,0.512223425472564,0.43241972520940386,0.49448106196226493,0.5880320005837978,0.37219840973628826,0.37445763595406834,0.5179298980787671
0.4279482535074779,0.41954892588115933,0.5010866370224657,0.5145846217274789,0.5372869276867814,0.6530520023001226,0.5108390565157482,0.5323617301031389,0.5262047570520246,0.5627678287996218,0.637694319887406,0.7323823130728273,0.7307714096313728,0.3698459970134379,0.6435891912984661,0.6761063011063011,0.5716141596247055,0.5020626448579345,0.5598182414911739,0.5343982198610837,0.6112594637457204,0.6609476279830806,0.5672235454961194,0.5742424562696957,0.5062065815464163,0.4337647137667442,0.6112670156549128,0.5566536401823545,0.6223760376730572,0.6730086573667562,0.5897909754127773,0.5576541524890711,0.5181346431346432,0.5322540483233078,0.5583942129019248,0.5577876683258621,0.6053681113970474,0.5818783234278809,0.727980394709718,0.7546832449088088,0.8026141501736331,0.5606820628748942,0.6593772734049604,0.7412508544087492,0.6283709815664702,0.5279639395034719,0.7326314036840352,0.6994556394484287,0.6590455383206557,1,0.7532449472846392,0.7741445062873634,0.6745574062802284,0.6870702188371361,0.6588024708930321,0.44118738404452684,0.6691375945987255,0.6627536925200563,0.5999075513540273,0.5042792316288557,0.5433129631437903,0.7086183339228098,0.6342543317167377,0.577026198760527,0.5763650592042648,0.5279421497866386,0.6016833677902803,0.6080084298186185,0.7530431543428884,0.7061206156833548,0.6846930638284022,0.6752782036817156,0.6700026581605529,0.7146995131874649,0.5521848793046911,0.5815424654710369,0.6614446705303483,0.5526620714488213,0.5700657724019897,0.5824786445272689,0.5086219336219336,0.5655254522990278,0.4759276851411023,0.5568420510149834,0.648755638933765,0.6605634869929,0.6072346721782812,0.5928744038692866,0.6175628677621409,0.44895792194217743,0.6416322190758281,0.6579354521145204,0.6591802573930087,0.5486324326064538,0.44539695321307116,0.6046433725005154,0.713959059116628,0.568418417245646,0.36086664308795824,0.5526160760009586
0.5489170301552615,0.45796802273399617,0.49461333033610666,0.4934588803009856,0.5547409653047299,0.56889338731444,0.4175724859935386,0.5710824232880278,0.5370198272957635,0.693764522999027,0.7693048255345584,0.7132705193656512,0.760128638544714,0.4248532688565989,0.6799487184102775,0.567722681359045,0.6134215168380865,0.5736539818882906,0.7068406739459371,0.6332692889858222,0.6295201287066997,0.5484745472595141,0.5227062137814317,0.6142162822866647,0.5249559511210224,0.3925582364982537,0.45199837927608544,0.726178328000236,0.5830512832963086,0.7489306887401865,0.735608357688815,0.6278992523365556,0.4889520202020202,0.5933028466765121,0.4110175582072033,0.6226866070802033,0.5995524437922748,0.667545329764069,0.6402159244264507,0.6026602052917842,0.7381497496829804,0.5794813445640329,0.5270363257206583,0.6549768944505787,0.6047969574285363,0.6262761953270146,0.7197988658514973,0.6833999534990618,0.49053536213220184,0.7532449472846392,1,0.60787224471435,0.7000064103699113,0.6789350999877316,0.523314325131466,0.42679221363431885,0.5880781144958551,0.6536654694749762,0.5603171667194811,0.4672647527910686,0.5880556577924999,0.7336468125312321,0.6183934486566065,0.5655768096423694,0.4377912351332649,0.46252250668137984,0.5463228997771357,0.4754593201773677,0.6865128486125173,0.68778409938548,0.5994520099783258,0.6257683424547704,0.5718398560503823,0.6477434373660564,0.6450357144313561,0.4350866969288022,0.5626399499309808,0.6214931828455912,0.6905589031609451,0.442973455272768,0.5925925925925926,0.4529515692076136,0.41533966467567407,0.5350263771316404,0.6154956047733402,0.7481344536379455,0.4279566924303766,0.5131750618727369,0.575405522790722,0.49596471112159735,0.5467815809921073,0.6601796611073125,0.6154203011286921,0.5589027584683917,0.5495259838284581,0.6634278002699056,0.537531434937133,0.5256363847359554,0.38884631908863176,0.44558645425187005
0.4445554445554445,0.46552799748288465,0.5448738187459992,0.5232683982683983,0.7326324469181612,0.7331643502696135,0.5877046512384858,0.437958261454502,0.6229468422137594,0.5544152589265372,0.6592712842712842,0.6636370417385455,0.700177798392084,0.365852265946251,0.6394161811455045,0.5792748917748918,0.4812796330653474,0.5297341547341547,0.619677033492823,0.46357058772472315,0.5764560210048932,0.7991862773817662,0.6464646464646464,0.5521375136976641,0.5709858323494688,0.5360252633748874,0.686297182349814,0.5120703544575724,0.6879231879231879,0.6207681207681208,0.5572645086742831,0.5570197137866311,0.4287518037518038,0.5829899423884386,0.6175352425352425,0.5710622606299298,0.5479990560817629,0.5229629810456878,0.6652355998220659,0.8859706083390294,0.8068862632772407,0.620252199763478,0.6535250463821892,0.6752593062743439,0.5656261866788183,0.5496151092015753,0.7201716412242728,0.6632257049550283,0.7354107671776844,0.7741445062873634,0.60787224471435,1,0.6951309550933611,0.7700685696926298,0.8297773654916512,0.4325036075036074,0.6206654352331045,0.602511961722488,0.556983638750556,0.6384525979450791,0.6128604791198776,0.7055779329275569,0.7172526825722314,0.5731540702405364,0.8541022469593897,0.6614016100858207,0.702964391498226,0.6727303919973093,0.7342594852933199,0.7208040393190769,0.6962628432553245,0.7778005620110884,0.5898903101910621,0.6538508066703556,0.4285410495936812,0.6442872603586889,0.5950877825877827,0.6793462281244236,0.5057977736549165,0.6101335590057395,0.6202741702741703,0.6106813299482472,0.4351204351204351,0.5481582744740638,0.6525200989486704,0.6745930030704467,0.5985508956373617,0.5750231910946196,0.6254509379509379,0.5264579196910023,0.5717239527389903,0.5826228178671787,0.5829164361119248,0.6657813364580283,0.4615754754852499,0.6162131519274376,0.7716063698206556,0.4639735160411852,0.4005140014538512,0.5500165703514985
0.4653671860779143,0.39564465208125643,0.49917787788916035,0.674027058989465,0.5308919530146289,0.6693980622552052,0.5987682951968667,0.46017707136632635,0.45572353857277736,0.5632400220472689,0.6463077068130525,0.7255388265373162,0.6817461733285445,0.45154626043652346,0.5663920012333327,0.64201539201539215,0.6175141862855976,0.5414337719302578,0.5290937028718984,0.5298827340566019,0.5426840379457483,0.6603366402659223,0.6141170452010416,0.49704526620456213,0.6174437064244405,0.4699511927286769,0.5654484820855171,0.4850388541884433,0.5967023933142949,0.6523475443363147,0.5805531574621405,0.5337256590281967,0.3328199578199579,0.5591924069844886,0.5477581625281249,0.5894879317489476,0.43802426108656844,0.5049713325449132,0.652489719970923,0.6555376536579545,0.7922469710195986,0.5590489929646464,0.5903895440602889,0.7343358395989975,0.4765466154563899,0.5863952944851658,0.7764665159402001,0.7101822433371799,0.5870365285607837,0.6745574062802284,0.7000064103699113,0.6951309550933611,1,0.704583157026766,0.6363901802035635,0.5576489926113987,0.6633919705759236,0.6012776234392017,0.6298762130455111,0.549312268767156,0.5237201499419544,0.6004917575190556,0.5735359773893608,0.5130438640155119,0.5206194351814629,0.5993932673534531,0.611439340774734,0.6156032501724947,0.678947585349464,0.6372073163747775,0.556102105914136,0.609732172056259,0.5751860712387029,0.645190705431324,0.4896007769828392,0.48371835975219435,0.7300747399995333,0.6403743807462682,0.4976534817125211,0.5600663538378005,0.6166305916305916,0.5693005810181203,0.40585856191381375,0.7447322310104265,0.535867157768106,0.6474727562991986,0.5094105664594386,0.4743769277268184,0.5929520611174922,0.582880426901407,0.5570197137866311,0.5889948225903351,0.5945644927087099,0.6332528925100376,0.5106323997633997,0.6121068363549567,0.5876102819497688,0.4992435647762825,0.49406950013069917,0.6010624479793601
0.5054390054390054,0.5228146122882965,0.6142621163297854,0.5312775987588018,0.655762241100587,0.6664982260846922,0.5210385270535647,0.42231254543284613,0.6088048855905999,0.5557763456259697,0.5958519133331164,0.7259134036389676,0.6267089531187275,0.4231388807516626,0.6237704651238486,0.5618987493987495,0.547266570104916,0.5906177156177156,0.6769636482982349,0.5295575247642916,0.5608103049832374,0.7291187926526272,0.5256132756132756,0.5364917976760082,0.5520300406664043,0.591808118781803,0.5482024867363213,0.49642463843591667,0.7488067488067488,0.6047286047286047,0.6213538445681303,0.6128025691935467,0.41271228771228774,0.5688479857652791,0.6051587301587302,0.5569203040067702,0.46092476863153553,0.5088210244225282,0.6529912443446277,0.7274677494602306,0.7198119758270134,0.5516884744328353,0.6378793303605333,0.6679200707396196,0.5499804706571624,0.5558813158437219,0.704941841783947,0.5965595807701072,0.5769079082988857,0.6870702188371361,0.6789350999877316,0.7700685696926298,0.704583157026766,1,0.6741605094988554,0.4212476537664508,0.616212202584383,0.589752248586835,0.6171562564419708,0.6271966442079224,0.6730330968112923,0.6262947683060465,0.7228489242586986,0.5603943571048835,0.7052881120550294,0.605618754678905,0.7121166010263754,0.6783266336837765,0.5801463886990204,0.5651871833262812,0.562557909926331,0.6236874654167888,0.577130597055409,0.5711662815046274,0.4157813364580283,0.5600989757944645,0.5670695045695047,0.6680902743872669,0.4930380605192636,0.5988776052685827,0.6225108225108225,0.5400984875608935,0.42218892218892223,0.5369023207369072,0.5683318143844459,0.5904047185062222,0.587294941900205,0.4194063351018238,0.5086399711399712,0.5152019659538456,0.5589642396033374,0.5698631047315259,0.5701567229762718,0.6545253827208715,0.4692239256149031,0.5456303095400841,0.6874180852564311,0.381288990875457,0.38925804771669437,0.5337769354515766
0.46107973976863725,0.42272871766416886,0.5366444840251472,0.4959029066171923,0.5234680946583605,0.634370287189836,0.5635859128340331,0.41907549950219736,0.5213336406240233,0.41026891385185194,0.5257825749261182,0.5940146881391593,0.5651491744168051,0.39558284452392367,0.539807293653633,0.6021825396825398,0.5538680267437005,0.5220524554459407,0.5712849493864531,0.37733931933851883,0.5088892025217635,0.6779835890246546,0.5288399491210489,0.5116315867606149,0.5129521361044916,0.5505691123068117,0.6387266909030392,0.508727325170165,0.5410270873660908,0.5158930550385443,0.42745657436147966,0.42203374512189085,0.4498973248973249,0.5402396104468622,0.6258585547816122,0.4773507133780144,0.48661316217634143,0.5248791853988223,0.6378701081708601,0.8343317709859064,0.6716343456137327,0.5516618384157129,0.605286851415729,0.5894522561815795,0.5382606950276123,0.5454710335433073,0.6680570891097206,0.5846028792699494,0.6949523554295944,0.6588024708930321,0.523314325131466,0.8297773654916512,0.6363901802035635,0.6741605094988554,1,0.45986909915481344,0.610833804979934,0.5382819832296568,0.5251641511026999,0.5708892089531188,0.5415865149887706,0.547451650373391,0.6942161952500299,0.42835845303952824,0.590422419706843,0.5681854746868368,0.7079045861990636,0.6613057442310378,0.6135566379779538,0.5829185676503608,0.6017977845045515,0.6696529837268812,0.5968476385769619,0.5885439415151301,0.4824058959440468,0.6002241805813235,0.6372431232987901,0.5565831594871451,0.4165107141809603,0.6534749975322607,0.6062049062049062,0.584953341134551,0.4074612346647162,0.5657835063850101,0.4930310185651684,0.5556740028725063,0.6157123056559146,0.5534604395580749,0.6198203694953895,0.5816420667168833,0.5684771994922371,0.4910194899506797,0.5182258375623257,0.6669226379872204,0.4621601324948833,0.5931766646052361,0.6320743286904891,0.40471844612456853,0.48105168042611346,0.5944506645790428
0.34196359196359194,0.32664371968883243,0.363741062613243,0.5986291486291486,0.3956555349412493,0.45138224348750666,0.4520264405602752,0.40988672981154184,0.30107913181221446,0.37328250279378106,0.4489177489177488,0.4634875880176632,0.41839569160997736,0.35543200533802033,0.33583444542091156,0.4924843674843675,0.44300401978973414,0.2767926517926518,0.3663980025822131,0.3538664030205384,0.4704624114398551,0.4524691056645944,0.5128787878787879,0.32678707049007805,0.6071592548865277,0.4297224392149205,0.3395800106326422,0.38273104297540395,0.3728771228771228,0.4415861915861916,0.3776355119400232,0.4133019236402695,0.28570041070041075,0.3635829291844329,0.2630286380286381,0.402747263179594,0.2792039622866691,0.3645265761807115,0.5263106358971021,0.4472620946305157,0.5353082381277869,0.4236717334461695,0.4802772624201196,0.4986378283370765,0.35527265132528285,0.48987674814742477,0.5734958024431709,0.5243007410300643,0.4055457908841368,0.44118738404452684,0.42679221363431885,0.4325036075036074,0.5576489926113987,0.4212476537664508,0.45986909915481344,1,0.4285924497390663,0.4271512113617376,0.49522833056667637,0.6870885275960463,0.3898090735496751,0.39939011489763365,0.37282152893055154,0.40119468042400375,0.4514687693259122,0.5477975241133136,0.36502674435005267,0.3267954789571331,0.42353272249888796,0.43103388883464067,0.2894256745760505,0.3636952229057492,0.5029649339799716,0.40744067962113084,0.39603744209007363,0.3974979385693672,0.4890873015873015,0.4513897026115071,0.36104926819212524,0.35465530709891613,0.39476911976911977,0.33467122893814616,0.3898601398601399,0.6177508164350269,0.33770356627499487,0.46305414510301734,0.32637505560437885,0.3529710368996083,0.3726731601731601,0.5729700333083791,0.47459449489524685,0.3868539042411223,0.4075556857511745,0.3947886491119573,0.4777731666829411,0.3402030509173366,0.32413677592249024,0.37160596295934645,0.44079950959650205,0.5216353556066475
0.4080571343399647,0.37558605599733996,0.5081678090372437,0.43645084030422376,0.4311442219379932,0.515394411353058,0.5160386084258265,0.45925338704133145,0.506681487464839,0.5069990483946666,0.48044331438809706,0.6061595345846386,0.5075318319142907,0.394648987109269,0.5129305088586577,0.5853024290524291,0.6126146236582483,0.4675864820218083,0.484993869956276,0.42725948088280763,0.5418436893864157,0.5474814185987047,0.4949451374207807,0.4480964067485732,0.4526747888729147,0.45109366239878657,0.6308481876696908,0.6127312800446895,0.5462770042954104,0.570609426444123,0.5309352302358639,0.4137757495770362,0.5881618381618382,0.44705457488014644,0.6188380809986181,0.4291414155751092,0.46597946025571435,0.6497903913013401,0.7178738241708167,0.5845581214942117,0.5867313740813308,0.5901914608883184,0.5111532764039508,0.5994465329991645,0.6862916219119226,0.609532082007191,0.5558974651079913,0.5882787187357192,0.6386005779312525,0.6691375945987255,0.5880781144958551,0.6206654352331045,0.6633919705759236,0.616212202584383,0.610833804979934,0.4285924497390663,1,0.60150598221763385,0.5149856749723525,0.4395558701949679,0.5568208942269093,0.5591426542315543,0.7299433649057709,0.41768391076512856,0.4790637507521428,0.6203639864265472,0.6998190571221913,0.6545554023869555,0.5657943618965302,0.5193963827378496,0.5691039015287136,0.5344331214828518,0.6706928305612516,0.5428986809638024,0.5964656096630369,0.4393754950145927,0.6796520497549612,0.4657395972912358,0.4978418206191203,0.6165522584610663,0.5471320346320347,0.6271721976386113,0.41601851893063335,0.5603005077629137,0.4711496917058118,0.5662436143126874,0.6139398821729649,0.4566566652419547,0.5703230536520751,0.518237597333454,0.6525264731091798,0.47229148545443844,0.5239631298430176,0.5417187247065083,0.4997789846379026,0.4830391726068418,0.5906272709605673,0.385189051641313,0.48196018890086423,0.5956502275994532
0.5178189566659286,0.5288236399465756,0.6924123525507392,0.411494645705172,0.414791524331091,0.4934457355509987,0.4226613611951958,0.7221442973688651,0.45836405498936816,0.7533143845084297,0.5758469131473132,0.6965546526710655,0.5427915987100953,0.47217170106636663,0.5888051217593564,0.6657647907647908,0.5389025236540781,0.5311140978837681,0.47976475279106867,0.7762739107542518,0.5880109832764566,0.5715565477626269,0.45135836312930555,0.7467448244582067,0.48589882076785573,0.45665803361331914,0.4757625705191062,0.5694656742012615,0.583537628336137,0.7250817821243962,0.7068045394930875,0.5723661875908336,0.40719003219003214,0.538651029893467,0.4795476345959855,0.5264619885142598,0.5200122165953068,0.5224639186832352,0.6294016968828999,0.5756664388243335,0.6493150505345536,0.4863534731447209,0.5471893535194765,0.6901089303344943,0.4553561935140882,0.5046220266939951,0.7186810265757635,0.5059809938795566,0.4854748098944016,0.6627536925200563,0.6536654694749762,0.602511961722488,0.6012776234392017,0.589752248586835,0.5382819832296568,0.4271512113617376,0.60150598221763385,1,0.7039203551069495,0.4942113129143204,0.7900477655176903,0.6022548164654518,0.6379464624765376,0.6878805130109469,0.4910233734792703,0.4555745949903256,0.5892491426582974,0.5046205592922807,0.5517564568673631,0.5641755559677415,0.47409948030248794,0.4958777761391582,0.6644460176415063,0.5700532867729354,0.8617513145523181,0.7273187026006576,0.44582351894604566,0.5753173825159772,0.7837705800813332,0.48013161789397396,0.4952741702741703,0.46222958466078923,0.6678047656752362,0.47209880762512346,0.5562428418656247,0.6694426549339061,0.467296623593616,0.42930947346045056,0.46773293895810397,0.3767019569780633,0.6073186212283956,0.5177831850071193,0.5918690988862115,0.5366464179643831,0.3820198695881887,0.5369069318317439,0.5629786942914135,0.5956396048433314,0.4477298663656488,0.5256415400789334
0.5544385143318504,0.5907021052566291,0.6877022116652486,0.43739489416181143,0.3888094373794937,0.5163384652106457,0.37412551942627126,0.6066901984006954,0.4479052995457742,0.5262989618071447,0.5007745270050041,0.7302954653709528,0.5271993644250091,0.44253908217497406,0.635978004085121,0.6425565175565175,0.6681382332629849,0.6685100696123288,0.5282929998155562,0.6929783017563294,0.6011508302112729,0.4725625922997634,0.4356022238882554,0.6435136728766581,0.5352415188795019,0.5308724625634949,0.453185620600726,0.4688800246787792,0.6237691121715261,0.5246610041186803,0.5945729444767952,0.6135803934592667,0.3857670107670108,0.4311685986174094,0.4410837729680389,0.4816667822499694,0.40493379809326346,0.45136170438730794,0.5793620957154793,0.5377285204352873,0.61512037845568035,0.4200282808894714,0.540457997123286,0.649091885558051,0.40832411114365996,0.40733604597291384,0.7518402649981597,0.46690075734443526,0.4726329216425642,0.5999075513540273,0.5603171667194811,0.556983638750556,0.6298762130455111,0.6171562564419708,0.5251641511026999,0.49522833056667637,0.5149856749723525,0.7039203551069495,1,0.547190080178802,0.7502198407273595,0.53087090136382,0.5254400883160282,0.720396524071344,0.41351690958016085,0.4528572138492789,0.5458924118001389,0.4718974380713977,0.5264297022273341,0.4637501626088655,0.44204423396152726,0.48823205218818033,0.6294548600939579,0.5350978250629259,0.6066178911807764,0.6968388232485978,0.5648057918932465,0.5065082609227698,0.622594284416139,0.47521084768495203,0.5503968253968254,0.4498433087950676,0.6464003363607366,0.5220700560926125,0.4966477284855071,0.5698671064215246,0.46689193221148106,0.3565897714477694,0.4423863103351713,0.42677702097170256,0.5655247425924117,0.5658064721381847,0.5353505826450848,0.5832210046941334,0.3741366195891398,0.49282161030281335,0.525712278975992,0.6201039947312892,0.45323544818684547,0.6362675984326732
0.38002275502275507,0.428626626089032,0.47553420889887055,0.5188638533563346,0.6037690275472231,0.5978074244051688,0.4555944786207944,0.39072749514478833,0.4437164339419979,0.3660280300317894,0.5358191203116015,0.5444365784591348,0.5112494439562109,0.34510735713743224,0.47738949646844386,0.3972613035113036,0.370273356551552,0.49725274725274726,0.5381014766353113,0.4239928826394992,0.40422525469517956,0.6881800008679708,0.499476911976912,0.46153940044917496,0.6239013511740785,0.6427060616910242,0.4324337629788758,0.35004366978051193,0.5968337218337219,0.4417665667665668,0.447761991558984,0.46642160053814197,0.2607392607392607,0.49761918323948406,0.4275446775446775,0.4728737427985549,0.3145437999761308,0.336401745706257,0.44654534062428797,0.6227534474714926,0.5984000857121159,0.41533500960192693,0.5331650283717952,0.4675738317655611,0.3469359274810403,0.4815400243031822,0.5986503262819052,0.44453544575725024,0.46539088522171224,0.5042792316288557,0.4672647527910686,0.6384525979450791,0.549312268767156,0.6271966442079224,0.5708892089531188,0.6870885275960463,0.4395558701949679,0.4942113129143204,0.547190080178802,1,0.6784895138278597,0.4752886002886003,0.5428758584773622,0.4770931658149703,0.6832114105610345,0.5674759138105002,0.5350810738968633,0.4968498085039439,0.515355759528692,0.49564604151070324,0.4594800041228613,0.5614258861439313,0.4360062765137954,0.42814435981729215,0.3290787846238974,0.4938045872256399,0.507996632996633,0.5987167594310452,0.42674367195043883,0.4716809610606604,0.48944805194805197,0.43329698705638553,0.3564629814629814,0.4748799759138105,0.4136020516659614,0.5208635766906444,0.4600982976922826,0.42454051796157066,0.4231962481962481,0.5308624646030662,0.4076358374290704,0.43214014473412976,0.4324337629788758,0.5897347535505431,0.5049703533726091,0.438828809035576,0.5428924041705997,0.32552091809610606,0.40491854636591484,0.5273243370133323
0.528096903096903,0.6281004187959076,0.6934485835801625,0.35041459167399025,0.5164885970337099,0.5007867341513959,0.3585737883670215,0.5339665451507556,0.4958917857414098,0.5417346125052892,0.4387984300578286,0.5902730310625048,0.48565732513100934,0.5417982184899478,0.5422426466599399,0.4510732323232324,0.4875383805834934,0.6872849372849373,0.5867208605930411,0.6419072573207911,0.4662954735323156,0.5911593106141979,0.43742784992785,0.6043146285627489,0.5013774104683195,0.7177632935151732,0.4068416441536743,0.4635981186733067,0.656995781995782,0.5828477078477079,0.6137283142922241,0.5280279974828848,0.3628593628593628,0.5123372554763532,0.48121323121323123,0.5187101954019246,0.35666967744035405,0.4550159218392301,0.49238179322765785,0.5902040002603912,0.5728079668869142,0.3897428907767253,0.6402259707710836,0.5621115830702297,0.3927723800844102,0.4559479054779806,0.6719886838307891,0.4189433269320487,0.4396441590990463,0.5433129631437903,0.5880556577924999,0.6128604791198776,0.5237201499419544,0.6730330968112923,0.5415865149887706,0.3898090735496751,0.5568208942269093,0.7900477655176903,0.7502198407273595,0.6784895138278597,1,0.5452953270622444,0.6615838839523049,0.673723269211991,0.5973739814905228,0.473401984398225,0.6537890993718061,0.5441292625503151,0.4810025605138387,0.46129284249585,0.4353308867406611,0.5285764465275744,0.5479115809003028,0.47851595981295225,0.6328517451637752,0.686724115483514,0.4674723424723425,0.6589832264644295,0.6618709924161053,0.5297406123533943,0.529419191919192,0.40914786967418537,0.5615356865356865,0.44052677689895736,0.503089297920125,0.5579389491043627,0.5116644424915102,0.3220055007648993,0.38069985569985576,0.42983120680489095,0.4873828239429744,0.4951895431218739,0.5052234211068798,0.6333036324577679,0.33796409313326614,0.4146796916533759,0.6192380301402858,0.5004636862719569,0.6253158599963111,0.5503081049731768
0.5730355980192832,0.43518641254630486,0.4952107430004429,0.4465334060258872,0.6241231090184286,0.5969055485032929,0.45469260271891854,0.55933383585276375,0.6080181072353066,0.6176732395066857,0.7254855316969149,0.6500270227225102,0.7888967083680674,0.43102110372941305,0.7809374318391493,0.6297949735449735,0.6322598599693994,0.5408991034583563,0.6692342327680674,0.5876375736692452,0.6510820155454826,0.6406914546500095,0.6653586123493678,0.5948825673233378,0.5380313480011008,0.395643694534341,0.5379473158375789,0.6150908072475618,0.5893446516090045,0.7241019488714941,0.6497080567099855,0.6370252267630938,0.5662948162948163,0.5640634677940473,0.44495508840976716,0.6084227354829919,0.5378526913376112,0.6647653461240582,0.6599291790081264,0.6727173724354176,0.6762121134054152,0.6003158604221888,0.5487539805221264,0.7036849428766723,0.6283469767492323,0.5957563113897313,0.67343665106823,0.6516251214784983,0.5475100630131058,0.7086183339228098,0.7336468125312321,0.7055779329275569,0.6004917575190556,0.6262947683060465,0.547451650373391,0.39939011489763365,0.5591426542315543,0.6022548164654518,0.53087090136382,0.4752886002886003,0.5452953270622444,1,0.6162885568900607,0.6499623180402349,0.6192712033894923,0.5363821798811538,0.5337211543484632,0.4731768799569287,0.7320561329566219,0.731495103239546,0.7471784168212741,0.7415082255065641,0.6545952272456033,0.7593679466666572,0.6051324351460914,0.5661350345560872,0.5328125985668952,0.532088865411966,0.5848149352406249,0.4543351346873442,0.6240440115440116,0.47765582296558173,0.490627920798958,0.5244831505169851,0.7368127346548708,0.6191081920206102,0.5226884852824702,0.6347798763774073,0.5793762638252562,0.4034973084965662,0.6364288697935314,0.7057763372109069,0.6370809094782688,0.510492393323522,0.5901786280889378,0.7265272217339886,0.6871608037367899,0.6744507110229677,0.2991294484351914,0.4730813624311635
0.5262931512931512,0.5429310559949658,0.6328748006379585,0.6145161334071108,0.543422544456379,0.5473558083520489,0.5447532521780643,0.5242585630743526,0.7167032841844871,0.5947971931994489,0.4886142575052349,0.6162793347003874,0.5322263993316625,0.4015886577916653,0.5292879113367834,0.7025462962962963,0.5242125877464223,0.4896769896769897,0.5839848539096659,0.4350749709772267,0.5377563226247437,0.6312348783213445,0.494390331890332,0.44200924388894314,0.5236455463728191,0.6401827078518809,0.5897743547179637,0.6162277989345659,0.6478660228660229,0.6576340326340326,0.5982998622096367,0.5183200154064815,0.4656177156177157,0.47586919137671024,0.8119103119103119,0.46394150961820135,0.5092993577016134,0.6003660395577689,0.6716039286528008,0.6746518623398323,0.5955675172780436,0.5684035575952868,0.6564920146687063,0.6166079430177175,0.6400217263939069,0.5691950384619557,0.5727595503911294,0.5369409725612733,0.5955205926070588,0.6342543317167377,0.6183934486566065,0.7172526825722314,0.5735359773893608,0.7228489242586986,0.6942161952500299,0.37282152893055154,0.7299433649057709,0.6379464624765376,0.5254400883160282,0.5428758584773622,0.6615838839523049,0.6162885568900607,1,0.47889881630483144,0.6952211426835487,0.6584346417993034,0.9824649556792414,0.8825453785980102,0.5715831787260359,0.5551202139548005,0.5471919788649112,0.6151242554438043,0.6384921991124999,0.562603071531643,0.5485715099436904,0.5500320064229839,0.6286676286676287,0.5880984929857109,0.5543996625763543,0.8046001095813127,0.709469696969697,0.6014600896179844,0.566003441003441,0.5283391107639228,0.5582648450129652,0.6517663205633131,0.7930174462129349,0.48076793715891464,0.5955988455988457,0.5066387559808612,0.6203258416604281,0.48836756393147385,0.5600897536047913,0.5745336013193156,0.45235423515498707,0.5355633401686033,0.6773511158849504,0.37272578090247266,0.45212340917228133,0.611873519887874
0.5368006041806374,0.7216249451174469,0.6329161411142642,0.38213675422322047,0.4949187905920852,0.5355164154976184,0.32187489828467275,0.6761654358721625,0.4769229359178152,0.5993151621993436,0.5906311134718114,0.6789690038001392,0.6631361939242567,0.535324180265062,0.6939804523151882,0.5582160894660895,0.6063471327305923,0.6092881457014201,0.6026177456628585,0.7453620059041148,0.7430172326259562,0.49226655924999585,0.502598949827001,0.7336918047505583,0.4094811938582391,0.4526911518016681,0.43886581781816203,0.4744719235507613,0.5323545896229233,0.4827156392452271,0.6743726834868361,0.7784250685192806,0.4617604617604617,0.511698549809543,0.36373606910589906,0.5687203970320317,0.5010190767745718,0.4896290713886857,0.5286152339723769,0.5482061484881033,0.5678739314630007,0.5508896833559553,0.5157482344479236,0.5893224674239712,0.497426873460708,0.44177336300935954,0.662755811440022,0.6221589224270513,0.44669835794533697,0.577026198760527,0.5655768096423694,0.5731540702405364,0.5130438640155119,0.5603943571048835,0.42835845303952824,0.40119468042400375,0.41768391076512856,0.6878805130109469,0.720396524071344,0.4770931658149703,0.673723269211991,0.6499623180402349,0.47889881630483144,1,0.4606383362509827,0.37737284463587206,0.44511680106597973,0.406256788531662,0.708130433366451,0.5963656402807677,0.6022091212880687,0.524663929794878,0.5816713048855906,0.6488394404286552,0.6576288166923945,0.7094790547798067,0.43167384709189127,0.45708981987784014,0.7242671250785195,0.3829243524443924,0.573575036075036,0.3847613754763337,0.6226052589272941,0.4607526662977791,0.6685901027611819,0.4805095103440118,0.3845219108377004,0.45809562711617036,0.5030577362909117,0.30174001345776846,0.5245439084724799,0.654739199667581,0.4706552525419314,0.4616844744440881,0.4516348323599011,0.5935880013887533,0.5146804079145149,0.6875410720745512,0.350834461203388,0.45934696851809875
0.37975361516676687,0.3354211761052718,0.4562475115719412,0.5270305091733664,0.7863041581969938,0.7488312230793434,0.6066182772949691,0.34595634383594787,0.5762981964757901,0.46786444702940133,0.5541785580420647,0.5030789397019046,0.522351639475122,0.308912359677449,0.5437599146963619,0.5530002405002405,0.450268836998024,0.42655601517269726,0.5971559038288361,0.39416464962992404,0.4295276702146893,0.8036531622823722,0.5381584795951224,0.43744917854671717,0.44121118992149155,0.4290163538988766,0.6122416601666529,0.3870041991956834,0.6296965680036051,0.489532087231099,0.4727130211851993,0.45876092472234387,0.40449827949827954,0.4522583283800815,0.5349057084625877,0.5027399672121088,0.3938584308757085,0.4240910187739343,0.5941677787542449,0.8212416864672504,0.6439588386868702,0.46961039052673703,0.5180365760282741,0.6238266119845067,0.4911570050667795,0.6533153036130062,0.65745657850921,0.48031814782364823,0.6152567882945609,0.5763650592042648,0.4377912351332649,0.8541022469593897,0.5206194351814629,0.7052881120550294,0.590422419706843,0.4514687693259122,0.4790637507521428,0.4910233734792703,0.41351690958016085,0.6832114105610345,0.5973739814905228,0.6192712033894923,0.6952211426835487,0.4606383362509827,1,0.5615575516124363,0.6356265962673688,0.5683491273648107,0.5914973714249829,0.5996079128970717,0.6830696872050256,0.7080308678534099,0.586128199286094,0.5322063784871871,0.40124184279091146,0.6405251494537209,0.5115087612942968,0.5168852240086659,0.3896659187163839,0.5328315320807071,0.6245310245310246,0.5549804703249588,0.3976197729797224,0.5314091505820829,0.5965207561979748,0.4940518869990349,0.5947887847323938,0.6585357763568593,0.4802927246535502,0.47001995084341197,0.5679618418340223,0.5569179399589677,0.5569407055616169,0.5242399160531429,0.5468822917698696,0.6030199958771387,0.687371629811145,0.41560497983005285,0.32045154908061646,0.4019129553830151
0.30419729971910225,0.3306034056792041,0.4141033998341268,0.49744057112478157,0.39130003037897776,0.5731373889268626,0.5705348327528779,0.40491540871183274,0.46054952045451725,0.3788308734198089,0.45720939625637935,0.5230181696147027,0.4814835189855763,0.37820823473833787,0.4173593256807401,0.5706469456469456,0.5376332089773322,0.40731321621512806,0.46867262854104963,0.3348203500866245,0.4538904526167785,0.5197474096543088,0.5802844253590114,0.3485627465294684,0.4483758949447796,0.4330739837063273,0.6592776843289454,0.48601534790047574,0.46001444350417153,0.4655954096738165,0.396333670207636,0.3914550885534356,0.5746336996336997,0.43601407931185476,0.5698818760226045,0.41554672125951575,0.38773241791787727,0.5661223318405455,0.6871814275949615,0.6188007898534215,0.5554644330059755,0.6110008688496871,0.4203388525512347,0.5622606299298029,0.6555992253360674,0.5903139960917743,0.5943936180778286,0.5409879611440986,0.6479839720179297,0.5279421497866386,0.46252250668137984,0.6614016100858207,0.5993932673534531,0.605618754678905,0.5681854746868368,0.5477975241133136,0.6203639864265472,0.4555745949903256,0.4528572138492789,0.5674759138105002,0.473401984398225,0.5363821798811538,0.6584346417993034,0.37737284463587206,0.5615575516124363,1,0.6947329978389951,0.6345622873458265,0.5430346894459397,0.549872570309525,0.58887614056787,0.5370501069791591,0.6643510833360458,0.4672825775454047,0.4693808361885258,0.43303374778938697,0.5725884497762354,0.46757291911160437,0.36834734375289857,0.5888695135125076,0.6572510822510822,0.6700029337782174,0.3964694318960823,0.6316416040100251,0.4133554448955914,0.5168217603653411,0.5497033981056538,0.4532589430773004,0.5588090523042831,0.5615374632215102,0.646184725883974,0.3954680588979548,0.45950189041752676,0.5295687844573076,0.596348029602988,0.5614222243921492,0.5624466597439677,0.3753356492312283,0.4282733566695177,0.5043069073838572
0.49435404598206656,0.4766704817138049,0.6052195407325888,0.6071851707190052,0.44486784315491046,0.5432715989106967,0.5473171565276829,0.4488402256553736,0.6453097803291652,0.4816070233530805,0.48383112717001475,0.5541480777783714,0.4991933504796029,0.43082933894518594,0.4773548291387437,0.7003968253968255,0.56145183422477285,0.5657073930350356,0.5821424502815481,0.3849231268195913,0.4875413788048121,0.5991934529889262,0.4637406883829729,0.440495930503485,0.4650554591012941,0.6368012249533155,0.6932326295553002,0.528420968919049,0.5659204700000334,0.6027538064044133,0.48139436203111874,0.47057639801673046,0.4636335886335886,0.48372556390818355,0.8711656110319177,0.4233134703538439,0.43330297346939006,0.5597139780402561,0.6573156375787955,0.6668570777593334,0.5399210629556903,0.5367674778145075,0.5899006290985079,0.6088131584372186,0.6257334353199014,0.5569466805816845,0.5643651669967459,0.5098200890074602,0.6742367349593037,0.6016833677902803,0.5463228997771357,0.702964391498226,0.611439340774734,0.7121166010263754,0.7079045861990636,0.36502674435005267,0.6998190571221913,0.5892491426582974,0.5458924118001389,0.5350810738968633,0.6537890993718061,0.5337211543484632,0.9824649556792414,0.44511680106597973,0.6356265962673688,0.6947329978389951,1,0.9052986155837385,0.515795296068476,0.4951347926246079,0.551430795603728,0.5581185573003268,0.6424218012563878,0.5277486133886494,0.5534242568198645,0.5539616085668717,0.5392444912694183,0.510475231274128,0.4735802305058786,0.8577405252670233,0.71497113997114,0.6923418961851429,0.52217295597836,0.5290219596610575,0.475296922153308,0.5420343132880572,0.7969470483568228,0.48717226419099724,0.538745637897603,0.5450893821237911,0.624255443804316,0.4267449375521982,0.5259519853105381,0.5973783407177662,0.44869455892143795,0.5329994358189847,0.5891780208563379,0.34178522615122653,0.45689869920322124,0.6268120665251802
0.4305984474149209,0.4617598028175276,0.5360985511616416,0.5699938428321887,0.38931929343485294,0.5028335177771268,0.5002309616031421,0.41183068990840443,0.5793353396020007,0.3767694632776949,0.42367376454022676,0.5477699510676014,0.4665364598223889,0.35865927111233054,0.44999307444414727,0.6636153198653199,0.5284105524460576,0.4836621551284672,0.5498635658410094,0.35188184504087594,0.4369251217951393,0.5638845975140658,0.39884435940933594,0.417409850317602,0.39923256389758754,0.5530769849285435,0.6754455964607553,0.46990561030318667,0.5090795818629992,0.46418709945435044,0.4007340326333557,0.4098778459511746,0.5066045066045066,0.4160327318786772,0.9436695833720797,0.3554201447173372,0.4059784481378649,0.4698013339269911,0.6270816380778788,0.6301295717649101,0.5319080216432701,0.473092008183826,0.5495178106522703,0.5705818930442992,0.6669280072475561,0.46440979832992524,0.5231930350351403,0.44615760539059157,0.6746614013564634,0.6080084298186185,0.4754593201773677,0.6727303919973093,0.6156032501724947,0.6783266336837765,0.6613057442310378,0.3267954789571331,0.6545554023869555,0.5046205592922807,0.4718974380713977,0.4968498085039439,0.5441292625503151,0.4731768799569287,0.8825453785980102,0.406256788531662,0.5683491273648107,0.6345622873458265,0.9052986155837385,1,0.504187577056663,0.4649795730458709,0.5917142694398334,0.5542296520857267,0.6130896776573469,0.497327919987263,0.47372592838410266,0.5246294849678308,0.5677310846517833,0.4563227222380638,0.39181599996461725,0.9468592963246257,0.6728535353535353,0.7015920676877309,0.48569978438128913,0.5014328299102735,0.4080098052318817,0.48692531237967707,0.9089683082164285,0.4161100417957967,0.525704008977776,0.5327624316738542,0.594923320205275,0.4190510401306692,0.4938764353613627,0.6090750639218233,0.4054875045400783,0.5101608187134503,0.5634037010484174,0.33375250257022215,0.38300843127575246,0.568688531323422
0.4557877979359827,0.5288985521550363,0.5011236148333355,0.4718135978474324,0.6386676743707788,0.6221857403248381,0.4799727945404637,0.5133883561909698,0.5667596858458903,0.6232526595576109,0.7280081538790834,0.7100628650411154,0.8228499923494059,0.3978718005465417,0.6637714811836981,0.6089315776815778,0.5687437289327046,0.5341811080755702,0.6466008093827642,0.5826912120037135,0.71540692748159,0.6019502003045678,0.59879874319025,0.5779244326999406,0.5748926667811727,0.36944016905010846,0.5951731362008235,0.5848157060269472,0.5488382834851737,0.6258508629613002,0.5861919256732908,0.6694059420477476,0.533050283050283,0.6081016906829259,0.4356745975716455,0.6324194240186918,0.6774884373816741,0.6298704674835844,0.6137807994011002,0.7253630559081687,0.7302443714921599,0.7354953958292645,0.5421286995397395,0.633305531143877,0.5855999576864238,0.5489324528406369,0.7042946819262609,0.7741852093906197,0.6125639400582776,0.7530431543428884,0.6865128486125173,0.7342594852933199,0.678947585349464,0.5801463886990204,0.6135566379779538,0.42353272249888796,0.5657943618965302,0.5517564568673631,0.5264297022273341,0.515355759528692,0.4810025605138387,0.7320561329566219,0.5715831787260359,0.708130433366451,0.5914973714249829,0.5430346894459397,0.515795296068476,0.504187577056663,1,0.787631481248135,0.7854418242576138,0.7665334964284269,0.6281335101823824,0.8564306837594906,0.5694428745402336,0.5498773991255195,0.5949360564829185,0.5525030644573525,0.6195695356882244,0.4835705472238837,0.6521103896103896,0.5652424220159546,0.47596733278736014,0.5963663216482765,0.6877095446300512,0.6504492524161573,0.5071485532011848,0.6753781440856479,0.7986222190056318,0.5013156338375808,0.5997630710976576,0.7204734510075317,0.6343669244386383,0.6062361713789244,0.5964664884802063,0.7738131855613058,0.6205718943700813,0.5878946919875123,0.36967483170617377,0.49112205161678946
0.4642504038838797,0.41183495241331325,0.4173162659454531,0.4583581518731894,0.5988109047329637,0.6117378131475877,0.4695248673632132,0.4820969144130025,0.5665003549860756,0.5415128403538872,0.6766491449880262,0.6477924272447069,0.721643198712439,0.3510878822025362,0.7028902384706299,0.5982593795093796,0.5320653204511657,0.4671143112122548,0.6541019757185171,0.5267377185311273,0.6205554991728717,0.6556284354688053,0.7129184648046518,0.569589986846402,0.5198017587712653,0.32970522552730297,0.5545580480866721,0.5955472037850713,0.5559515293806075,0.5815637191537869,0.5932180249954093,0.626933124479766,0.5231990231990231,0.5430369123270606,0.40408747664577294,0.590932790162431,0.5639565424819419,0.5620769627517044,0.6048366316223459,0.8050088695765387,0.720709321506201,0.5914172973665097,0.5476397129639284,0.6135958131258883,0.5736482711106772,0.585226492494104,0.6940578427420533,0.6749849046367863,0.5731699040857483,0.7061206156833548,0.68778409938548,0.7208040393190769,0.6372073163747775,0.5651871833262812,0.5829185676503608,0.43103388883464067,0.5193963827378496,0.5641755559677415,0.4637501626088655,0.49564604151070324,0.46129284249585,0.731495103239546,0.5551202139548005,0.5963656402807677,0.5996079128970717,0.549872570309525,0.4951347926246079,0.4649795730458709,0.787631481248135,1,0.7704218609293798,0.8205227598127377,0.6173855905998763,0.7344538400801334,0.5588781468747934,0.5618290857012661,0.5982146609462511,0.5288272817398809,0.597743493475994,0.4578551291598266,0.6318001443001443,0.5220673864300168,0.5081249627027116,0.6017545215853486,0.7053878782509541,0.6644635784571097,0.48888183662619755,0.6832488813989974,0.6856518365837991,0.48272829301918996,0.5890151515151515,0.7214241910544781,0.6609554857609226,0.5752599465406092,0.536620158186197,0.7618007410300643,0.7054300259196464,0.6893027309146441,0.3369514408887945,0.42183164009436913
0.35470085470085466,0.3881066302118933,0.3261706756067658,0.38279654764617177,0.665289847996615,0.6045972615521488,0.5305661339495926,0.4318401523288742,0.5528563020104373,0.5772087144267596,0.6854661003157244,0.5206141707081557,0.7255222743004698,0.3896213748657358,0.7285361672579718,0.4541546416546417,0.5151275103342772,0.48475135975135974,0.5809148140915058,0.49741846499365294,0.6060521975935509,0.631503542405798,0.5963203463203464,0.6531622617148933,0.4344910140364686,0.351335725677831,0.6648729507752065,0.6130951024748017,0.4955044955044955,0.5052725052725053,0.5951671657498725,0.5866158903752889,0.544025419025419,0.6960447655936377,0.5057026307026307,0.6066734748125726,0.5775952326704207,0.516970185203268,0.507756946478751,0.6536620230229253,0.6460062493897081,0.6297624472436503,0.4212164610660851,0.5256932916707353,0.619031887077,0.5565116796319804,0.5550134076449866,0.6656109971899445,0.6459593247187232,0.6846930638284022,0.5994520099783258,0.6962628432553245,0.556102105914136,0.562557909926331,0.6017977845045515,0.2894256745760505,0.5691039015287136,0.47409948030248794,0.44204423396152726,0.4594800041228613,0.4353308867406611,0.7471784168212741,0.5471919788649112,0.6022091212880687,0.6830696872050256,0.58887614056787,0.551430795603728,0.5917142694398334,0.7854418242576138,0.7704218609293798,1,0.775415269776172,0.5040463713396044,0.7138715294730332,0.4855542535993663,0.4870147500786599,0.6588203463203464,0.5341037930323644,0.5628109776606016,0.5363196953422518,0.6275613275613275,0.6098714047022318,0.34915084915084904,0.47133689201358375,0.7095333029543556,0.588749064218989,0.5247370319738741,0.6320363951003048,0.6136904761904762,0.3812154845989433,0.48588001388753266,0.639636021872864,0.4970724972604672,0.5115163449749915,0.5389968427562413,0.6868317981099936,0.6143338595406265,0.5330167952348404,0.25527156636179194,0.4407606481769162
0.5374574063647978,0.46048847962692596,0.4658957163369427,0.3724975317080581,0.7371345545177446,0.5942982456140351,0.44883854658290745,0.4555912704289453,0.6838521049881738,0.5209487889639184,0.6490871048529648,0.5869314120627778,0.6981078224507078,0.3969304659496642,0.680304977612125,0.5187890812890812,0.5137144118077668,0.5915941676557377,0.7100715804663174,0.47835926903232606,0.5861070905766835,0.7527478734148898,0.6759146579821919,0.5775208174300313,0.5631698906341621,0.40861234059770746,0.5643312026167115,0.583884760857924,0.7164116612202259,0.5540116994602908,0.5362016850520489,0.5972489622856983,0.5267649017649018,0.6207858856805868,0.4920288339428279,0.6368458214726147,0.6076377899079798,0.5685092270699063,0.5144647332617258,0.7828187893977367,0.7127243417662207,0.6095647774251556,0.6168702408014999,0.6004282893380638,0.5577124629756209,0.6462379307627701,0.6061932219826958,0.6488433912062105,0.5795366650718794,0.6752782036817156,0.6257683424547704,0.7778005620110884,0.609732172056259,0.6236874654167888,0.6696529837268812,0.3636952229057492,0.5344331214828518,0.4958777761391582,0.48823205218818033,0.5614258861439313,0.5285764465275744,0.7415082255065641,0.6151242554438043,0.524663929794878,0.7080308678534099,0.5370501069791591,0.5581185573003268,0.5542296520857267,0.7665334964284269,0.8205227598127377,0.775415269776172,1,0.5326053228308867,0.682137620679354,0.5216454843926419,0.6176145178964728,0.7576551867336032,0.6111347159776439,0.5766594309789845,0.5669921026030107,0.6404761904761904,0.5434752818455322,0.48846618766976724,0.5305080884028253,0.7458254879869504,0.6595377655571083,0.5845526966767568,0.7629066865170914,0.6903153768503475,0.5771720204059695,0.5042348837461619,0.7483505294741489,0.6875584608027301,0.6625924498423066,0.520196954605603,0.6847785047033168,0.7253309552139819,0.6449775369164693,0.4623846981287476,0.49183116275792815
0.34465534465534475,0.43606147403139883,0.5029117707689137,0.4703015656023175,0.4220898566763228,0.4808240840195728,0.4814682810923412,0.5609621998719743,0.5462477893868871,0.5947042932005338,0.48725683255758445,0.6432427117577494,0.5341157276307653,0.42737213705258814,0.5365388579674294,0.6977813852813852,0.690758687845154,0.4397408147408147,0.5020070468378739,0.5347037778428756,0.679979439941846,0.5161214725124499,0.523953823953824,0.4676584589178574,0.4891282959464778,0.5450836235610672,0.5460895203376407,0.6126562347427009,0.577034077034077,0.6494061494061494,0.6071115288220551,0.602650023326715,0.5905899655899656,0.497091755362432,0.5477716727716727,0.5790107031648385,0.5057277935097484,0.564770421725309,0.7596371882086168,0.5785478306154999,0.6242738881836627,0.5705321203441505,0.4812013800735605,0.6774872788030684,0.5855916848398052,0.49989502978224787,0.7653615390457496,0.6147701504844363,0.5644362529700876,0.6700026581605529,0.5718398560503823,0.5898903101910621,0.5751860712387029,0.577130597055409,0.5968476385769619,0.5029649339799716,0.6706928305612516,0.6644460176415063,0.6294548600939579,0.4360062765137954,0.5479115809003028,0.6545952272456033,0.6384921991124999,0.5816713048855906,0.586128199286094,0.6643510833360458,0.6424218012563878,0.6130896776573469,0.6281335101823824,0.6173855905998763,0.5040463713396044,0.5326053228308867,1,0.633969935661665,0.6757792750273953,0.5498856719721381,0.9179593554593555,0.5747405581052197,0.6094481333203138,0.6066410615282796,0.7401875901875902,0.5657117631741692,0.6435786435786435,0.7362242185550456,0.6581494320216125,0.6528845110612027,0.5885648916663954,0.48386835595482214,0.6009920634920635,0.5067316559797763,0.8612399505256647,0.590135105078714,0.7400186071238704,0.5713797480714775,0.4945279866332498,0.5697398257548634,0.634842381928848,0.5059355640182708,0.4489695559244431,0.6624899024420555
0.5337271036154958,0.44058672392413,0.43871204331986613,0.4628334906530396,0.5613100651515219,0.5417770617018737,0.4709926873460708,0.5297667810627225,0.558027615621951,0.6451242995976957,0.664171706395833,0.6373935658682639,0.6894990442026353,0.49180773096940633,0.6392656218115237,0.6804353054353054,0.5878899224415439,0.5527761456081902,0.6305087665050071,0.5525347796661033,0.655404552429973,0.5723779295032125,0.6298182568007291,0.5869315197014392,0.5743316332024232,0.41924255506423724,0.5330658175590013,0.5601798998308417,0.5731557150941895,0.68186034407941,0.6187105290191595,0.6491538573561771,0.5349511599511599,0.6198226347763728,0.458490085467237,0.650582735615164,0.6368154683501698,0.5683067472730614,0.6048006922067072,0.6345956883550868,0.6481753355699269,0.6216589483460141,0.5505358540936969,0.702247501871562,0.576619850492031,0.5125426279994183,0.6100417126732917,0.6466457901931254,0.526487330117254,0.7146995131874649,0.6477434373660564,0.6538508066703556,0.645190705431324,0.5711662815046274,0.5885439415151301,0.40744067962113084,0.5428986809638024,0.5700532867729354,0.5350978250629259,0.42814435981729215,0.47851595981295225,0.7593679466666572,0.562603071531643,0.6488394404286552,0.5322063784871871,0.4672825775454047,0.5277486133886494,0.497327919987263,0.8564306837594906,0.7344538400801334,0.7138715294730332,0.682137620679354,0.633969935661665,1,0.6061745303799545,0.6302860777484838,0.6438752994660633,0.6024722465911562,0.6329074084413262,0.48627571794052815,0.5837301587301587,0.49524768341996017,0.4536400072666217,0.598852922349163,0.72756707752827,0.5764069120206198,0.5161286603955777,0.6237344338031052,0.6439396141090354,0.47840025160304367,0.6223486204689213,0.6870002377078254,0.6148700385885553,0.5681692739928721,0.5001805460474611,0.7184766570104917,0.6542850883093085,0.647792540736805,0.4019950207747328,0.6074925301376684
0.5634828304311728,0.5404499340586453,0.6321062112346403,0.30895230500493664,0.4098528851954727,0.31797106402369557,0.3186152610964641,0.7611405784625578,0.5033236824347711,0.7136221948297872,0.5742908611502074,0.5578158371620592,0.5419178928221651,0.5383181697576462,0.5566594860468645,0.5712782587782588,0.6667687665972253,0.5635504828549383,0.46650812637654737,0.7451680824494269,0.6631460493183507,0.46452787973610765,0.4635886911285968,0.7235755040898899,0.4203330041974165,0.4393613180202399,0.44032057930869517,0.6529340735764891,0.5019183084131189,0.6391667085212193,0.7275867514444416,0.558992481702903,0.5635614385614386,0.5816186865186639,0.4458786574876633,0.5453328731881654,0.5518868826669521,0.6209078666861294,0.5952804088142434,0.39718424850003786,0.5432220464010092,0.5847974211476151,0.49214898096487947,0.5161380182056874,0.5670995670995671,0.5973334303547815,0.5313277365908944,0.5988353581670649,0.4237170292103063,0.5521848793046911,0.6450357144313561,0.4285410495936812,0.4896007769828392,0.4157813364580283,0.4824058959440468,0.39603744209007363,0.5964656096630369,0.8617513145523181,0.6066178911807764,0.3290787846238974,0.6328517451637752,0.6051324351460914,0.5485715099436904,0.6576288166923945,0.40124184279091146,0.4693808361885258,0.5534242568198645,0.47372592838410266,0.5694428745402336,0.5588781468747934,0.4855542535993663,0.5216454843926419,0.6757792750273953,0.6061745303799545,1,0.6135931007171609,0.47729973658276637,0.49521949084256667,0.8247101422602412,0.4678757556245645,0.5329004329004329,0.44868363162617875,0.6147148366923093,0.5012303485987697,0.5828910649911243,0.5700827714808507,0.42499959313869085,0.5164408180775707,0.5121734355189779,0.4157875828908214,0.6334426434050494,0.5183928198137333,0.5290004435033318,0.47046888598240433,0.5190060156675066,0.5660384728053901,0.4998024667244573,0.599256758446938,0.5065780237067249,0.518099022687825
0.5546536796536796,0.5850780902472632,0.6372130271566362,0.3104128014842301,0.47648680684394973,0.4607849439616357,0.39000056960583274,0.5524063134025541,0.45778759669737124,0.5731613937441006,0.39879663986806846,0.5502712408727446,0.4456555349412492,0.4882625937137216,0.5898258904837852,0.6117875180375181,0.45944135229849514,0.5728160728160727,0.5393971942844122,0.5975764628020267,0.5155793976282698,0.5690146632815807,0.4969516594516594,0.6765577363321724,0.47215663124754037,0.5424801180440277,0.46803033015439033,0.4457051720209615,0.6560800310800311,0.5709429459429459,0.536508478989682,0.5509513773611517,0.3765956265956265,0.4264887055300589,0.46930846930846926,0.4369790819038939,0.4986406763662402,0.3334530861786501,0.4523800030378978,0.6590457474855971,0.5328061766971541,0.3392147847974917,0.6920609152752011,0.5890270861135523,0.35277058989465004,0.26857769423558897,0.5522145982672297,0.3789415367422887,0.47447230088207537,0.5815424654710369,0.4350866969288022,0.6442872603586889,0.48371835975219435,0.5600989757944645,0.6002241805813235,0.3974979385693672,0.4393754950145927,0.7273187026006576,0.6968388232485978,0.4938045872256399,0.686724115483514,0.5661350345560872,0.5500320064229839,0.7094790547798067,0.6405251494537209,0.43303374778938697,0.5539616085668717,0.5246294849678308,0.5498773991255195,0.5618290857012661,0.4870147500786599,0.6176145178964728,0.5498856719721381,0.6302860777484838,0.6135931007171609,1,0.5715488215488216,0.6643106684460068,0.6996366728509585,0.5607751792902169,0.44424603174603183,0.42650538684373274,0.6901570651570652,0.48627670366392173,0.5918753865182436,0.5548883030086038,0.5324949277956796,0.44480519480519476,0.5002886002886002,0.5152875424491965,0.5047403411125215,0.5533633868220335,0.6042135913376515,0.610238664843928,0.2838930388742419,0.43203720882292307,0.7114254792826222,0.7627907702155823,0.5657505506189717,0.6633085813707823
0.4459328586035727,0.3934601099444188,0.44404856658484904,0.48271404521404526,0.47572250896032997,0.5037578162578162,0.5052609427609427,0.4064571205401353,0.5574995273766428,0.44857345260134796,0.5200407624505123,0.6265791958943385,0.5637147944464088,0.43178852827934533,0.5948228596521754,0.7783910533910534,0.5692646953527911,0.5462560025316066,0.6307118807118806,0.40536869715980517,0.5907571059296239,0.5745915970743916,0.552451447719611,0.47969562657331166,0.504488302044408,0.43583434275123023,0.622910121297909,0.6365955125634118,0.6435049127965917,0.5950500535646585,0.5118006345451487,0.5514021793283548,0.7258898508898508,0.5652277844497029,0.5192927090013177,0.6112527173088245,0.5407275373314517,0.5577025592607843,0.5692340067340067,0.6338684463684463,0.6791625002385275,0.5365247430297891,0.5112311110705248,0.6380772005772006,0.5833032708032708,0.556445041936489,0.7654761904761905,0.5655234321893474,0.639679287841516,0.6614446705303483,0.5626399499309808,0.5950877825877827,0.7300747399995333,0.5670695045695047,0.6372431232987901,0.4890873015873015,0.6796520497549612,0.44582351894604566,0.5648057918932465,0.507996632996633,0.4674723424723425,0.5328125985668952,0.6286676286676287,0.43167384709189127,0.5115087612942968,0.5725884497762354,0.5392444912694183,0.5677310846517833,0.5949360564829185,0.5982146609462511,0.6588203463203464,0.7576551867336032,0.9179593554593555,0.6438752994660633,0.47729973658276637,0.5715488215488216,1,0.6149762779715566,0.5506461246112182,0.6301346549362166,0.9188612313612314,0.6926273061761025,0.5577231943033795,0.8990199615199614,0.6545592499275248,0.6257118654953071,0.7095358345358345,0.7258376143283549,0.6283377577226243,0.737236723593241,0.861441798941799,0.6819023892908103,0.8047647300975852,0.8212587911737874,0.508644626337915,0.6032046657046657,0.6368158367200523,0.5078562626823628,0.6507260648381037,0.6084581510175799
0.5775399317116572,0.42514550186399835,0.5795722751485123,0.4883289121071076,0.4743937926122128,0.5672724831559418,0.49648810880013894,0.400165147887645,0.48932268341138907,0.49067119582774266,0.592782938900017,0.6096849638744395,0.5885318884621615,0.38031158324356296,0.5691161490803687,0.5446278258778259,0.4469044066775222,0.5416602164151687,0.5902814395295599,0.4907910606292789,0.4504478191398811,0.6187530081385431,0.6078678460497691,0.4955068622366583,0.6456280560501169,0.4859030710217701,0.472328411356717,0.5371162876176314,0.6354184104449249,0.6338159713263194,0.5097027542549688,0.48580240416041154,0.4684482184482184,0.5533500387002006,0.4110780165580147,0.6178779046464833,0.4215122189467655,0.4781110114340258,0.4874389708036324,0.6532883887207195,0.7232375937754849,0.4620690339904152,0.5459211046840976,0.6285973320747756,0.3878295576603846,0.44937679907385764,0.7189466965782756,0.4723267127771792,0.4738604975321208,0.5526620714488213,0.6214931828455912,0.6793462281244236,0.6403743807462682,0.6680902743872669,0.5565831594871451,0.4513897026115071,0.4657395972912358,0.5753173825159772,0.5065082609227698,0.5987167594310452,0.6589832264644295,0.532088865411966,0.5880984929857109,0.45708981987784014,0.5168852240086659,0.46757291911160437,0.510475231274128,0.4563227222380638,0.5525030644573525,0.5288272817398809,0.5341037930323644,0.6111347159776439,0.5747405581052197,0.6024722465911562,0.49521949084256667,0.6643106684460068,0.6149762779715566,1,0.4739740604754741,0.4639887140286276,0.7057900432900432,0.5071518086386673,0.4159923286313546,0.6352850470331673,0.4765099867754322,0.657295288552296,0.5620618103700811,0.44045173408592175,0.5627677383148385,0.6587470524078591,0.5426853117642592,0.5538333122627289,0.5392504386426449,0.7206491868249048,0.5166379962037166,0.5414107509032321,0.6568927283594892,0.45324361681072056,0.5597779489787373,0.5604385927655715
0.5036755299271567,0.5847495949307022,0.5255374591370706,0.31478045763760043,0.39841172846957984,0.39372402868643464,0.3229396543306319,0.7319949688296244,0.45620120412275766,0.7156533190129335,0.5576919854666995,0.638936875000964,0.5480983504570822,0.4479392630098922,0.6617263547139486,0.6129148629148629,0.5878644912952198,0.5256826076152338,0.574377095335742,0.7885356803009217,0.6266571989209306,0.40640730763227373,0.4532729819571143,0.7787183959466437,0.4200167020663861,0.34410046598378186,0.3887481407998207,0.6777287219172177,0.5172276288428206,0.6842635920675686,0.8607940553435958,0.6528712117333852,0.5343961593961595,0.5196643142147858,0.35101113143599727,0.5293077185822428,0.5985841289160865,0.5408715930074554,0.5281762306198396,0.5035494580607363,0.5828976471226903,0.47068932769562666,0.4734885024297354,0.5933947422669227,0.4999953889051634,0.4620071178417259,0.5950467660993977,0.5054011786994195,0.391209379123889,0.5700657724019897,0.6905589031609451,0.5057977736549165,0.4976534817125211,0.4930380605192636,0.4165107141809603,0.36104926819212524,0.4978418206191203,0.7837705800813332,0.622594284416139,0.42674367195043883,0.6618709924161053,0.5848149352406249,0.5543996625763543,0.7242671250785195,0.3896659187163839,0.36834734375289857,0.4735802305058786,0.39181599996461725,0.6195695356882244,0.597743493475994,0.5628109776606016,0.5766594309789845,0.6094481333203138,0.6329074084413262,0.8247101422602412,0.6996366728509585,0.5506461246112182,0.4739740604754741,1,0.4169611157871572,0.5647546897546898,0.4211559309974311,0.703778494398456,0.48391894237758903,0.617456650362658,0.7030844905286501,0.4757153978018639,0.49281161468327783,0.5332501457322358,0.3623858877063604,0.5908179539758487,0.6450611236687803,0.5669861865566328,0.4984240347342732,0.4382344933235881,0.6609719645433931,0.5391388253897522,0.7204340620741426,0.40057238714415444,0.49237147729597164
0.416517523636885,0.464628387955792,0.5008613531696101,0.49054481441699493,0.3532516321355248,0.42663124260868623,0.42727543968145476,0.394144469598533,0.5536447069039523,0.34473564692130265,0.36841869626794443,0.504580806992015,0.4134127499923572,0.35233990312972063,0.4385654002616396,0.674573112073112,0.4971188899593155,0.4691753291695322,0.5516810153088348,0.32059018255413385,0.4210426532890198,0.5213066023124197,0.3867337830487315,0.4189980064249642,0.3739142857031368,0.5400342868816423,0.6390720348323602,0.47823683213773516,0.5285636682723067,0.4725394604462183,0.3915512136840287,0.4275705474646775,0.5528499278499278,0.43105476086675476,0.9367859358261433,0.3580634006859096,0.4172278654801931,0.46435338177683705,0.5610834445420911,0.6146879644999945,0.49496208719222046,0.43039629444340866,0.5272880521226345,0.5301638837353123,0.6043311742559863,0.4177040595268512,0.5305238621028094,0.3926675308869978,0.6474566181041637,0.5824786445272689,0.442973455272768,0.6101335590057395,0.5600663538378005,0.5988776052685827,0.6534749975322607,0.35465530709891613,0.6165522584610663,0.48013161789397396,0.47521084768495203,0.4716809610606604,0.5297406123533943,0.4543351346873442,0.8046001095813127,0.3829243524443924,0.5328315320807071,0.5888695135125076,0.8577405252670233,0.9468592963246257,0.4835705472238837,0.4578551291598266,0.5363196953422518,0.5669921026030107,0.6066410615282796,0.48627571794052815,0.4678757556245645,0.5607751792902169,0.6301346549362166,0.4639887140286276,0.4169611157871572,1,0.6905483405483406,0.6783071271293271,0.5333544508184975,0.5340944352222547,0.41637685685559966,0.5046027017592685,0.9717197485054628,0.43135204320977705,0.5704549273143685,0.5709696514520934,0.6121811563540887,0.445728723365618,0.5258635594458221,0.6437141757894529,0.3895684883662286,0.4810364656229319,0.5793703358199727,0.38679225823362884,0.43363728895445885,0.5786484739335078
0.4345598845598846,0.4643578643578643,0.48712121212121207,0.5718975468975469,0.5996392496392497,0.5845238095238094,0.48542568542568554,0.4361111111111111,0.5411796536796537,0.5380230880230881,0.5956349206349206,0.5806818181818182,0.6612373737373738,0.4706890331890332,0.6186147186147186,0.5608866442199776,0.648502886002886,0.5490800865800866,0.5797438672438673,0.5310786435786435,0.6310606060606061,0.634992784992785,0.6152236652236652,0.5399891774891775,0.5233585858585859,0.5359487734487735,0.5936147186147187,0.5533369408369408,0.6509379509379509,0.5545454545454545,0.6882936507936508,0.6466089466089466,0.559469696969697,0.7183261183261183,0.6414682539682539,0.7057900432900432,0.513023088023088,0.5534271284271284,0.5595238095238095,0.5816378066378066,0.65202020202020206,0.6195887445887446,0.4443001443001443,0.5555916305916306,0.6132034632034632,0.6164862914862914,0.7150873817540484,0.670995670995671,0.5645382395382395,0.5086219336219336,0.5925925925925926,0.6202741702741703,0.6166305916305916,0.6225108225108225,0.6062049062049062,0.39476911976911977,0.5471320346320347,0.4952741702741703,0.5503968253968254,0.48944805194805197,0.529419191919192,0.6240440115440116,0.709469696969697,0.573575036075036,0.6245310245310246,0.6572510822510822,0.71497113997114,0.6728535353535353,0.6521103896103896,0.6318001443001443,0.6275613275613275,0.6404761904761904,0.7401875901875902,0.5837301587301587,0.5329004329004329,0.44424603174603183,0.9188612313612314,0.7057900432900432,0.5647546897546898,0.6905483405483406,1,0.6539141414141414,0.5263347763347763,0.7571428571428571,0.6605699855699856,0.6330988455988455,0.6672619047619047,0.59752886002886,0.6179473304473304,0.5484848484848485,0.736976911976912,0.6463023088023088,0.6550865800865802,0.6948773448773449,0.6542568542568543,0.6606060606060606,0.6136544011544012,0.4344516594516594,0.5087662337662338,0.5081369248035915
0.30401298316508285,0.33360436761835865,0.3953650693324967,0.433269456107802,0.3864651093702459,0.5137167865551324,0.5111142303811476,0.359672360604926,0.4643164278638041,0.3737129277763195,0.45079861208641847,0.4963225408960743,0.4960977357065881,0.3696194167921405,0.4307995711736867,0.5148358585858586,0.48741575437922957,0.4099021295008577,0.4148821729648796,0.3460446899618681,0.422204562722418,0.5321179076076745,0.4641755959087208,0.37461073088175834,0.4665711643650824,0.4536383841720133,0.8972121146316103,0.46596406790827394,0.4879797693488317,0.49099334142348305,0.4241389360820883,0.43096548205048035,0.47824397824397824,0.460598896673439,0.6539478192644161,0.44089442143789803,0.4775463510700042,0.4494343041473172,0.5665363354273129,0.5695842691143442,0.5661874523806556,0.5539078636059777,0.4322595597800385,0.5070290715967407,0.5349541331684189,0.4682016244835596,0.5316746119377698,0.4974402881595019,0.88323105541582,0.5655254522990278,0.4529515692076136,0.6106813299482472,0.5693005810181203,0.5400984875608935,0.584953341134551,0.33467122893814616,0.6271721976386113,0.46222958466078923,0.4498433087950676,0.43329698705638553,0.40914786967418537,0.47765582296558173,0.6014600896179844,0.3847613754763337,0.5549804703249588,0.6700029337782174,0.6923418961851429,0.7015920676877309,0.5652424220159546,0.5220673864300168,0.6098714047022318,0.5434752818455322,0.5657117631741692,0.49524768341996017,0.44868363162617875,0.42650538684373274,0.6926273061761025,0.5071518086386673,0.4211559309974311,0.6783071271293271,0.6539141414141414,1,0.4274804811481713,0.5652248858075926,0.4665665767499856,0.560038720673099,0.6156175069708905,0.5025950212900128,0.6228630760377616,0.5024067623594192,0.5902943234710152,0.4587493984299662,0.5136817293891978,0.6020812730236956,0.4777846703708921,0.5754566340092656,0.5672938808780633,0.3615224597901111,0.4143154835052,0.5720350182029315
0.5000056538780752,0.6017776720846468,0.5409345203850979,0.46017871017871015,0.2703604957842852,0.316045066045066,0.31673881673881676,0.6600790185898144,0.47687758492213317,0.4334370088334769,0.32361198417542614,0.5495896412927752,0.3752127395414714,0.37578656221224394,0.5354387464010032,0.7481661856661856,0.474004607185457,0.4249558122982017,0.3783022533022533,0.5760200696695944,0.5049039023299995,0.4068488042927867,0.4098497928132996,0.5472885276624371,0.47666270409514255,0.4596815263763052,0.3766989750187658,0.47971276824441234,0.5386090315405208,0.5293191176274756,0.5223955700140321,0.5917685939468086,0.4383810633810634,0.3488199680231875,0.4689311484417512,0.444873992604068,0.4401884967700139,0.3923837480136716,0.5385725385725386,0.4566822066822067,0.4656307099439405,0.33315534135290215,0.5544267104285736,0.5318847818847818,0.42968142968142964,0.3391955453119626,0.5685425685425685,0.3753327910763131,0.38552485214698007,0.4759276851411023,0.41533966467567407,0.4351204351204351,0.40585856191381375,0.42218892218892223,0.4074612346647162,0.3898601398601399,0.41601851893063335,0.6678047656752362,0.6464003363607366,0.3564629814629814,0.5615356865356865,0.490627920798958,0.566003441003441,0.6226052589272941,0.3976197729797224,0.3964694318960823,0.52217295597836,0.48569978438128913,0.47596733278736014,0.5081249627027116,0.34915084915084904,0.48846618766976724,0.6435786435786435,0.4536400072666217,0.6147148366923093,0.6901570651570652,0.5577231943033795,0.4159923286313546,0.703778494398456,0.5333544508184975,0.5263347763347763,0.4274804811481713,1,0.5306915306915307,0.5695141631256078,0.5766052017951857,0.5934204684204685,0.43543758824702583,0.5172483877438332,0.35272440427003726,0.6250693750693751,0.5932717657419271,0.5885162355932492,0.44866675471685014,0.29969346240592487,0.4674214674214674,0.552287859679456,0.709564246992861,0.4561809828237976,0.542765581695953
0.3545898545898546,0.3388807516627066,0.3819931321811021,0.5714266727424622,0.4387993794008832,0.5075131009341536,0.5081572980069221,0.3686149898555914,0.42160392865280083,0.48677266759973536,0.5169533682691578,0.5969993978452626,0.5638122633423386,0.3914159044798142,0.46122937213162785,0.656415343915344,0.5743513274528311,0.3307942057942057,0.4836760461760462,0.4137851392550641,0.6142556065488396,0.5410674955787738,0.5914141414141414,0.3986105686293656,0.6282795487340942,0.43011736592563654,0.5115117338801549,0.5337134774164849,0.5393495393495393,0.6150516150516151,0.5446971053174061,0.5744111360652714,0.4550865800865801,0.5260705877247231,0.45980408480408486,0.5757612375093578,0.4446421790406754,0.4541388644772103,0.6419653028675585,0.5564232551074656,0.6509629050982434,0.5378226410181297,0.5212566047152514,0.5883184693335068,0.4709273182957393,0.5341028436893098,0.6700749542854806,0.7113839794290922,0.5147069513610867,0.5568420510149834,0.5350263771316404,0.5481582744740638,0.7447322310104265,0.5369023207369072,0.5657835063850101,0.6177508164350269,0.5603005077629137,0.47209880762512346,0.5220700560926125,0.4748799759138105,0.44052677689895736,0.5244831505169851,0.5283391107639228,0.4607526662977791,0.5314091505820829,0.6316416040100251,0.5290219596610575,0.5014328299102735,0.5963663216482765,0.6017545215853486,0.47133689201358375,0.5305080884028253,0.7362242185550456,0.598852922349163,0.5012303485987697,0.48627670366392173,0.8990199615199614,0.6352850470331673,0.48391894237758903,0.5340944352222547,0.7571428571428571,0.5652248858075926,0.5306915306915307,1,0.551121581008799,0.6888407436339767,0.5299844578979918,0.5144409996853606,0.6517135642135642,0.6925853595026528,0.7594410810576224,0.5968705584307088,0.6685927481040264,0.6082066638457616,0.5710613112868752,0.5795950916251669,0.5375547906562944,0.48724381299569264,0.5632400807212837,0.6114401016314892
0.4554780561569576,0.44720569522871134,0.4302852246558918,0.3900742115027829,0.5958640733383712,0.5404463539801886,0.3982334081958142,0.5490073730419518,0.5939723175388946,0.5866593828899893,0.6070277247331766,0.6205499542161641,0.6321113752719248,0.3865840976884235,0.7464535247288924,0.5856782106782106,0.5497796460813665,0.49648911783969474,0.6224599648471828,0.605780128172123,0.669466750476551,0.6038596525010651,0.6143666979700244,0.6258935648806688,0.43694824944011257,0.3781851717884255,0.4941560494199626,0.5968947789251835,0.6513384090964639,0.5564927099550845,0.6488111385043982,0.6428362306529676,0.6555250305250305,0.5444353588243265,0.4022353543800947,0.6518947011295142,0.5857047868021159,0.5363770688867098,0.6034699844850221,0.6230608990007487,0.7163494184163703,0.5217958771116602,0.4917418900563695,0.6621949896385986,0.5752891427703457,0.563224119858302,0.6328423038949355,0.5632561616377034,0.48764736802406106,0.648755638933765,0.6154956047733402,0.6525200989486704,0.535867157768106,0.5683318143844459,0.4930310185651684,0.33770356627499487,0.4711496917058118,0.5562428418656247,0.4966477284855071,0.4136020516659614,0.503089297920125,0.7368127346548708,0.5582648450129652,0.6685901027611819,0.5965207561979748,0.4133554448955914,0.475296922153308,0.4080098052318817,0.6877095446300512,0.7053878782509541,0.7095333029543556,0.7458254879869504,0.6581494320216125,0.72756707752827,0.5828910649911243,0.5918753865182436,0.6545592499275248,0.4765099867754322,0.617456650362658,0.41637685685559966,0.6605699855699856,0.4665665767499856,0.5695141631256078,0.551121581008799,1,0.6449778202638886,0.559667160325055,0.6572130684789967,0.585616807901284,0.3850278261348562,0.695177879764346,0.8754357234166266,0.7021226910663838,0.5312264553786026,0.5281593454065314,0.768733250876108,0.7500380831604029,0.7040554150687421,0.3421397094435713,0.5599430365624799
0.3548756536649017,0.3526498496497441,0.40187352042375024,0.4835756870531307,0.42315557366336964,0.5655267768989574,0.4947424025431545,0.5124894825570264,0.41882049255485154,0.5955662993376137,0.6328353967258626,0.6674165173637895,0.6318561143236057,0.2682146429900262,0.5861505581612588,0.6363786676286676,0.44973543095339186,0.4090124149558416,0.5432650891297508,0.5363101127393547,0.5440579342837121,0.5398215241394622,0.4590988266510653,0.5396383278037264,0.5778881502121265,0.35406318430473604,0.506864870046086,0.713859414088762,0.5513737681694527,0.7573948590410965,0.6586700726187266,0.5676559463436041,0.43659118659118656,0.5181226942998961,0.45418392334819513,0.5561563143024504,0.6126124431388179,0.5303197198997418,0.630054166802287,0.6903767806963296,0.6985778967970132,0.48821737551814903,0.452891259947125,0.710241919734401,0.45600866343347546,0.4791010551715531,0.7212151883204514,0.5357495778159503,0.5132984026766925,0.6605634869929,0.7481344536379455,0.6745930030704467,0.6474727562991986,0.5904047185062222,0.5556740028725063,0.46305414510301734,0.5662436143126874,0.6694426549339061,0.5698671064215246,0.5208635766906444,0.5579389491043627,0.6191081920206102,0.6517663205633131,0.4805095103440118,0.4940518869990349,0.5168217603653411,0.5420343132880572,0.48692531237967707,0.6504492524161573,0.6644635784571097,0.588749064218989,0.6595377655571083,0.6528845110612027,0.5764069120206198,0.5700827714808507,0.5548883030086038,0.6257118654953071,0.657295288552296,0.7030844905286501,0.5046027017592685,0.6330988455988455,0.560038720673099,0.5766052017951857,0.6888407436339767,0.6449778202638886,1,0.5967112044179713,0.5505691198041307,0.6784403956582419,0.5766385780801726,0.6968445193069253,0.660323739703544,0.6857973351925263,0.6484897827858771,0.5089120194715896,0.7267729659646953,0.6129933885010213,0.5826454717622835,0.4824568141592309,0.5871548184018149
0.43929681429681433,0.48295074808232696,0.5200480910067375,0.47896215104861717,0.4307504421226226,0.4150485792403086,0.415692776313077,0.43524137725265544,0.6278407056602545,0.4105419121396565,0.3530602751467413,0.5045348761514175,0.39991917021992207,0.32721522420770544,0.4564271881001204,0.6531234968734969,0.426692000564181,0.41550116550116545,0.5298942703078041,0.33755438379498526,0.46659627966018935,0.5232782985602534,0.401533189033189,0.3938083845978583,0.4349993440902531,0.5681723247512721,0.5651511082902061,0.502009623626165,0.624056499056499,0.5459124209124209,0.46846634985732727,0.4879762989725396,0.5324675324675325,0.460366148054118,0.9378676878676878,0.4459590534778505,0.5022240395360696,0.46365657108138314,0.5495007811737135,0.5929012194989638,0.487069811975827,0.44686187872278094,0.5714946185810847,0.5120877138734281,0.5927485108876086,0.3702097505668933,0.500068206647154,0.40463374344953285,0.571593079017891,0.6072346721782812,0.4279566924303766,0.5985508956373617,0.5094105664594386,0.587294941900205,0.6157123056559146,0.32637505560437885,0.6139398821729649,0.467296623593616,0.46689193221148106,0.4600982976922826,0.5116644424915102,0.5226884852824702,0.7930174462129349,0.3845219108377004,0.5947887847323938,0.5497033981056538,0.7969470483568228,0.9089683082164285,0.5071485532011848,0.48888183662619755,0.5247370319738741,0.5845526966767568,0.5885648916663954,0.5161286603955777,0.42499959313869085,0.5324949277956796,0.7095358345358345,0.5620618103700811,0.4757153978018639,0.9717197485054628,0.6672619047619047,0.6156175069708905,0.5934204684204685,0.5299844578979918,0.559667160325055,0.5967112044179713,1,0.5050779003786523,0.6506854256854258,0.5550088695765387,0.6339679013551194,0.5224177868914711,0.5941399765647886,0.6085838242793131,0.4326011185973593,0.5093167171174691,0.6977958966680771,0.43685119183239485,0.4448202486736321,0.6335651456464855
0.4319109702099555,0.35726145697756007,0.376032627841388,0.38400587507730377,0.6386345255609878,0.5343780175547093,0.4635936431989064,0.43902296775023764,0.586886829267161,0.43274332027162943,0.5959053527200718,0.4649258890909239,0.6200266268217883,0.36141332275277704,0.6032837132609437,0.44007034632034625,0.4971461091290592,0.4127056127965224,0.5046105523549133,0.41179096635361856,0.53777213249284594,0.6839068434634549,0.6024213653519426,0.5057115159127639,0.42441238514040547,0.31378673492583564,0.5179414406412937,0.545031324613595,0.565796722543286,0.44219449077841966,0.48941408412772736,0.4849182218579021,0.48615273615273613,0.5093699014902968,0.4049605049922256,0.5248408630244502,0.6157940349902298,0.5277303980754091,0.4545445052024,0.5863803176773101,0.6096210931369875,0.553411999188916,0.5465584510147804,0.4028798999663661,0.497792234916295,0.721966278801766,0.4671330131856448,0.598265043418351,0.5116918775716337,0.5928744038692866,0.5131750618727369,0.5750231910946196,0.4743769277268184,0.4194063351018238,0.5534604395580749,0.3529710368996083,0.4566566652419547,0.42930947346045056,0.3565897714477694,0.42454051796157066,0.3220055007648993,0.6347798763774073,0.48076793715891464,0.45809562711617036,0.6585357763568593,0.4532589430773004,0.48717226419099724,0.4161100417957967,0.6753781440856479,0.6832488813989974,0.6320363951003048,0.7629066865170914,0.48386835595482214,0.6237344338031052,0.5164408180775707,0.44480519480519476,0.7258376143283549,0.44045173408592175,0.49281161468327783,0.43135204320977705,0.59752886002886,0.5025950212900128,0.43543758824702583,0.5144409996853606,0.6572130684789967,0.5505691198041307,0.5050779003786523,1,0.6754557823814697,0.4805067142442815,0.5307143670865475,0.7109099202388109,0.6083616391614676,0.5282318963329861,0.6550175408157843,0.6300891568748712,0.6568493558049046,0.5695969601098959,0.37187248268046713,0.49624525711280254
0.4058532309476168,0.4752536573697421,0.493844253010596,0.3580266955266955,0.5166723329839688,0.47065295815295816,0.4715548340548341,0.4173748068203379,0.5105706301407458,0.43854538919958075,0.5855902936302667,0.6367910431878783,0.6453558996129375,0.3322066959580787,0.5101090460624707,0.6094476511143176,0.48739715459649646,0.46918951319100355,0.5712842712842713,0.3853084892850902,0.5811774767418529,0.5965059672513331,0.5060372188716113,0.45525823179976554,0.4761936559503692,0.36649105681199245,0.5585398349405147,0.6095374400116051,0.5766947419217712,0.5713447873318482,0.4783900180816736,0.5508065707640863,0.5524170274170274,0.5814338653585741,0.5237818011965277,0.560554837730188,0.6213482077532395,0.6427327789373285,0.5599386724386723,0.6534812409812409,0.5977700637119283,0.7219230302785195,0.4823172336589264,0.4876082251082251,0.5183802308802309,0.5203960508979062,0.5921717171717171,0.644643204428117,0.5697192793029193,0.6175628677621409,0.575405522790722,0.6254509379509379,0.5929520611174922,0.5086399711399712,0.6198203694953895,0.3726731601731601,0.5703230536520751,0.46773293895810397,0.4423863103351713,0.4231962481962481,0.38069985569985576,0.5793762638252562,0.5955988455988457,0.5030577362909117,0.4802927246535502,0.5588090523042831,0.538745637897603,0.525704008977776,0.7986222190056318,0.6856518365837991,0.6136904761904762,0.6903153768503475,0.6009920634920635,0.6439396141090354,0.5121734355189779,0.5002886002886002,0.6283377577226243,0.5627677383148385,0.5332501457322358,0.5704549273143685,0.6179473304473304,0.6228630760377616,0.5172483877438332,0.6517135642135642,0.585616807901284,0.6784403956582419,0.6506854256854258,0.6754557823814697,1,0.660345940441464,0.6685966810966811,0.6018235025669143,0.6766349269057997,0.6749324326848284,0.6241569652043713,0.7045634920634921,0.6327574803189119,0.5218775466138517,0.5160090927765497,0.5345387767807235
0.3894126737780963,0.3394500659125558,0.4045900135100976,0.47829774653082924,0.44912363750774675,0.48581274615109205,0.48645694322386057,0.28166352991468135,0.3958411879781758,0.33293787195392055,0.45425800602478517,0.4797942757076754,0.4532787236225281,0.3262904990360602,0.4129411164232917,0.48253367003367,0.5007405208397566,0.42137196331558446,0.49227872169601494,0.3056298442340296,0.44809617356668563,0.5920676096128048,0.5001115380354839,0.3617648074596842,0.45093104312837584,0.4045410383375011,0.45416433153648406,0.4975363769827792,0.533279209335279,0.4523352851965765,0.3884464225004045,0.35800448756415926,0.37150349650349646,0.4359761606386561,0.5142848962883202,0.3966680949660154,0.4367800349851776,0.4476159496475489,0.47740780522735415,0.5412164068179105,0.5435604547714005,0.46700840586970305,0.5250727995693762,0.43025447818680906,0.37779839208410626,0.5301911149550713,0.4998521945890366,0.4793853607774359,0.4625489148082875,0.44895792194217743,0.49596471112159735,0.5264579196910023,0.582880426901407,0.5152019659538456,0.5816420667168833,0.5729700333083791,0.518237597333454,0.3767019569780633,0.42677702097170256,0.5308624646030662,0.42983120680489095,0.4034973084965662,0.5066387559808612,0.30174001345776846,0.47001995084341197,0.5615374632215102,0.5450893821237911,0.5327624316738542,0.5013156338375808,0.48272829301918996,0.3812154845989433,0.5771720204059695,0.5067316559797763,0.47840025160304367,0.4157875828908214,0.5152875424491965,0.737236723593241,0.6587470524078591,0.3623858877063604,0.5709696514520934,0.5484848484848485,0.5024067623594192,0.35272440427003726,0.6925853595026528,0.3850278261348562,0.5766385780801726,0.5550088695765387,0.4805067142442815,0.660345940441464,1,0.5624160509498854,0.4974411049406192,0.5494631203398832,0.7016477364115714,0.5681703107066975,0.44750512645249496,0.57596686637102,0.44077886618236006,0.6355793171317312,0.5816281225560369
0.32509157509157505,0.36872999598563516,0.445784374355803,0.45213520815024577,0.4039234992242511,0.46265772656750104,0.46330192364026945,0.500433442914646,0.52127871084638,0.5505639097744361,0.4690904751055127,0.6216749937614598,0.5159493701786935,0.37024474063947743,0.5081684188827046,0.6646825396825398,0.6336312914320433,0.3922050172050172,0.4736366077531491,0.4775763814297649,0.6584117219455565,0.49795511506037815,0.47124819624819625,0.44199364753876036,0.469254230617867,0.49390860810033743,0.5398279247903308,0.6021429385151189,0.5721223221223221,0.6518204018204018,0.6024733098981219,0.598089108051514,0.564116439116439,0.49809670279595086,0.5859002109002109,0.5754547353231563,0.5368811639488331,0.5398013431848018,0.741470830756545,0.550177391530775,0.6027061701873732,0.5523657628920786,0.4528309409888357,0.6430871551172302,0.5674253273877334,0.481728672330176,0.6159276396118502,0.5966037930323644,0.5394671744295805,0.6416322190758281,0.5467815809921073,0.5717239527389903,0.5570197137866311,0.5589642396033374,0.5684771994922371,0.47459449489524685,0.6525264731091798,0.6073186212283956,0.5655247425924117,0.4076358374290704,0.4873828239429744,0.6364288697935314,0.6203258416604281,0.5245439084724799,0.5679618418340223,0.646184725883974,0.624255443804316,0.594923320205275,0.5997630710976576,0.5890151515151515,0.48588001388753266,0.5042348837461619,0.8612399505256647,0.6223486204689213,0.6334426434050494,0.5047403411125215,0.861441798941799,0.5426853117642592,0.5908179539758487,0.6121811563540887,0.736976911976912,0.5902943234710152,0.6250693750693751,0.7594410810576224,0.695177879764346,0.6968445193069253,0.6339679013551194,0.5307143670865475,0.6685966810966811,0.5624160509498854,1,0.6472625014918248,0.7938992502902278,0.5895461055235491,0.5618594646790136,0.6370713038006272,0.6953711388861765,0.5305954279638491,0.46713591337651494,0.7314588123200563
0.48141307531499467,0.47200149019282533,0.4273784565538231,0.39160550184986265,0.653353930117431,0.5449851631242608,0.33134364591131515,0.5111611160767577,0.5816865455147844,0.5912844002286954,0.6366105405948864,0.6568281261832825,0.6831922338023855,0.3737565069653289,0.7603802474848281,0.5451088263588264,0.5466334478828201,0.5633177993210925,0.6716103028133102,0.6300880320398774,0.7114694417890995,0.6151137097916317,0.6376883134516413,0.6332577606726124,0.5188504741289811,0.36128143353071684,0.4605994712479293,0.6072126884280856,0.6440156303285685,0.5633581180117637,0.6503807256593294,0.7418856356671734,0.6005938505938506,0.6117641748794909,0.39032164138473724,0.6956057177390663,0.6838067131658692,0.48864031831422017,0.5380839815990192,0.6064038613850644,0.7447892468709875,0.4919925193871728,0.5569492641416245,0.5760639423233408,0.5068956210873504,0.5551201895624542,0.6536389049546945,0.6387374201811472,0.4683250366211462,0.6579354521145204,0.6601796611073125,0.5826228178671787,0.5889948225903351,0.5698631047315259,0.4910194899506797,0.3868539042411223,0.47229148545443844,0.5177831850071193,0.5658064721381847,0.43214014473412976,0.4951895431218739,0.7057763372109069,0.48836756393147385,0.654739199667581,0.5569179399589677,0.3954680588979548,0.4267449375521982,0.4190510401306692,0.7204734510075317,0.7214241910544781,0.639636021872864,0.7483505294741489,0.590135105078714,0.6870002377078254,0.5183928198137333,0.5533633868220335,0.6819023892908103,0.5538333122627289,0.6450611236687803,0.445728723365618,0.6463023088023088,0.4587493984299662,0.5932717657419271,0.5968705584307088,0.8754357234166266,0.660323739703544,0.5224177868914711,0.7109099202388109,0.6018235025669143,0.4974411049406192,0.6472625014918248,1,0.7559399763193264,0.6206080159914942,0.52935383000728,0.7267941227527694,0.7158257306843141,0.7165440479975246,0.42973315780860855,0.5980558628693653
0.38258064348260656,0.34490085500555834,0.438592253267149,0.3918991200946088,0.48942040714669766,0.47234645054193936,0.4015620761861364,0.4515825931759988,0.532910806090966,0.4923239159152113,0.4899812775958251,0.6575075040727392,0.5366676753079613,0.359173633345245,0.571750845813724,0.6243987493987493,0.5086531029758729,0.44537420307263587,0.6208835128947912,0.47435059177937955,0.4937733806546414,0.6237391961619432,0.49893114139463346,0.4776788068437513,0.4794376524974604,0.38930507620135957,0.46543929856626276,0.535858820380397,0.66925385226193,0.6104284340445371,0.5509210779745409,0.5743702570297493,0.45350482850482854,0.5019432060213116,0.46555986331809884,0.5857847488808872,0.5324477727605154,0.46651011919495,0.6067986524753443,0.5991786826373292,0.6780664978401334,0.4474879240646693,0.5101945083787922,0.6575263917369181,0.43576066790352497,0.5107459999213069,0.6644446197077776,0.4905130424986768,0.47382388183806623,0.6591802573930087,0.6154203011286921,0.5829164361119248,0.5945644927087099,0.5701567229762718,0.5182258375623257,0.4075556857511745,0.5239631298430176,0.5918690988862115,0.5353505826450848,0.4324337629788758,0.5052234211068798,0.6370809094782688,0.5600897536047913,0.4706552525419314,0.5569407055616169,0.45950189041752676,0.5259519853105381,0.4938764353613627,0.6343669244386383,0.6609554857609226,0.4970724972604672,0.6875584608027301,0.7400186071238704,0.6148700385885553,0.5290004435033318,0.6042135913376515,0.8047647300975852,0.5392504386426449,0.5669861865566328,0.5258635594458221,0.6550865800865802,0.5136817293891978,0.5885162355932492,0.6685927481040264,0.7021226910663838,0.6857973351925263,0.5941399765647886,0.6083616391614676,0.6766349269057997,0.5494631203398832,0.7938992502902278,0.7559399763193264,1,0.6407804960154501,0.46240039856477766,0.6630545519643264,0.739209040321482,0.6392407033525681,0.43036758076470627,0.6007863225476673
0.4272552292830091,0.4378986820235292,0.5065372514471014,0.4033354490121407,0.5033436027174776,0.5537075914895464,0.411494645705172,0.38897641195363253,0.45006115318790685,0.42124874625456044,0.5039325166890615,0.6098377560135613,0.5529532342868044,0.4315685412626349,0.5370004099454966,0.4719516594516594,0.5506371349361241,0.5802755631417321,0.608116476255574,0.46557430522034926,0.45686159332187104,0.64435656820678,0.531791996939992,0.49060878997710433,0.5180700230740708,0.5600486615247131,0.5038388422007605,0.4820422414778708,0.6412972034366828,0.5267441316289008,0.5268597830082553,0.4914883135157344,0.4141830391830392,0.6064765925725049,0.5847772150747554,0.6149647580296046,0.46918713262844025,0.42954479743819984,0.473874079137237,0.6771384630407187,0.6492156817278538,0.46141975863924256,0.5254452651780068,0.5421001095813126,0.3742646659939892,0.4761088824133123,0.7254540780856571,0.5036888030423071,0.512223425472564,0.5486324326064538,0.5589027584683917,0.6657813364580283,0.6332528925100376,0.6545253827208715,0.6669226379872204,0.3947886491119573,0.5417187247065083,0.5366464179643831,0.5832210046941334,0.5897347535505431,0.6333036324577679,0.510492393323522,0.5745336013193156,0.4616844744440881,0.5242399160531429,0.5295687844573076,0.5973783407177662,0.6090750639218233,0.6062361713789244,0.5752599465406092,0.5115163449749915,0.6625924498423066,0.5713797480714775,0.5681692739928721,0.47046888598240433,0.610238664843928,0.8212587911737874,0.7206491868249048,0.4984240347342732,0.6437141757894529,0.6948773448773449,0.6020812730236956,0.44866675471685014,0.6082066638457616,0.5312264553786026,0.6484897827858771,0.6085838242793131,0.5282318963329861,0.6749324326848284,0.7016477364115714,0.5895461055235491,0.6206080159914942,0.6407804960154501,1,0.528221098115133,0.6045053108962883,0.7154434911000296,0.5248465806349353,0.6608166076206615,0.6516126750277964
0.44234083735390684,0.3753650406352427,0.47579569730817284,0.43722482613460056,0.5783669308151568,0.5176721565819311,0.4502891427703458,0.4369528399448661,0.4450569708295504,0.46799570160218273,0.6405542941970827,0.5006508040653492,0.6499931725589355,0.36430184219129236,0.5347564108052802,0.34845478595478596,0.596760320575614,0.4433609075355879,0.4865555392811032,0.44170876478646137,0.6003338831676754,0.5669440306856627,0.5077977766357901,0.4409456746556355,0.4810223419636178,0.3539636677027387,0.46171343859492797,0.5511067559106623,0.4685965771821575,0.47894975531636175,0.5418235523818369,0.4476954670673794,0.5554306804306804,0.5481484426623899,0.3955312385903371,0.5636541634360185,0.46515390913447285,0.6685803378493598,0.48885905239288696,0.4269719211448535,0.4917735166139703,0.6969958135440838,0.39070045117784047,0.36441672362724997,0.6001339929911359,0.7566975590203924,0.45501516027831823,0.6616725426657402,0.43241972520940386,0.44539695321307116,0.5495259838284581,0.4615754754852499,0.5106323997633997,0.4692239256149031,0.4621601324948833,0.4777731666829411,0.4997789846379026,0.3820198695881887,0.3741366195891398,0.5049703533726091,0.33796409313326614,0.5901786280889378,0.45235423515498707,0.4516348323599011,0.5468822917698696,0.596348029602988,0.44869455892143795,0.4054875045400783,0.5964664884802063,0.536620158186197,0.5389968427562413,0.520196954605603,0.4945279866332498,0.5001805460474611,0.5190060156675066,0.2838930388742419,0.508644626337915,0.5166379962037166,0.4382344933235881,0.3895684883662286,0.6542568542568543,0.4777846703708921,0.29969346240592487,0.5710613112868752,0.5281593454065314,0.5089120194715896,0.4326011185973593,0.6550175408157843,0.6241569652043713,0.5681703107066975,0.5618594646790136,0.52935383000728,0.46240039856477766,0.528221098115133,1,0.6296336078290965,0.5159518579774796,0.39418520799638734,0.41505435470098173,0.46407358977605595
0.3389388389388389,0.367455435124608,0.31754955570745047,0.43880127808699243,0.5852401566687281,0.5177448491358265,0.4437137215332704,0.4946476038581302,0.5427314227126258,0.6366148054117979,0.6700422593279737,0.5834216222374118,0.7169011544011544,0.3689701797784506,0.5770579045015136,0.5204124579124578,0.5779349618635332,0.468989343989344,0.563271137801213,0.5602259165229091,0.5974310776942355,0.5480524905336935,0.4758297258297258,0.5076363799108159,0.4234389348025712,0.3486669867308966,0.5184967288350747,0.5509025540040577,0.5053835053835054,0.5920745920745921,0.6862327626425371,0.6732328657140688,0.48339160839160844,0.6396792847920667,0.47070984570984575,0.7170373173192722,0.5689741127711052,0.4963189901159826,0.5705643980080071,0.5736123316950384,0.6373851294903927,0.6072136510106435,0.34116676973819826,0.5839894650045026,0.5389821957491131,0.5365765604487409,0.6145550356076672,0.6501871562021937,0.49448106196226493,0.6046433725005154,0.6634278002699056,0.6162131519274376,0.6121068363549567,0.5456303095400841,0.5931766646052361,0.3402030509173366,0.4830391726068418,0.5369069318317439,0.49282161030281335,0.438828809035576,0.4146796916533759,0.7265272217339886,0.5355633401686033,0.5935880013887533,0.6030199958771387,0.5614222243921492,0.5329994358189847,0.5101608187134503,0.7738131855613058,0.7618007410300643,0.6868317981099936,0.6847785047033168,0.5697398257548634,0.7184766570104917,0.5660384728053901,0.43203720882292307,0.6032046657046657,0.5414107509032321,0.6609719645433931,0.4810364656229319,0.6606060606060606,0.5754566340092656,0.4674214674214674,0.5795950916251669,0.768733250876108,0.7267729659646953,0.5093167171174691,0.6300891568748712,0.7045634920634921,0.44750512645249496,0.6370713038006272,0.7267941227527694,0.6630545519643264,0.6045053108962883,0.6296336078290965,1,0.6417877757163472,0.6198692076511625,0.3421239787781142,0.5666110869460151
0.5000560103106726,0.4032263139708945,0.5661587193546543,0.36630333951762517,0.5871193490242665,0.5881040534236024,0.4458911076392279,0.42937249837692504,0.6003889441968777,0.49161775412451847,0.5569542646080168,0.6136512670081039,0.5860795541196955,0.3594699778202164,0.6592923252892573,0.5698502886002885,0.4847278711186599,0.5837194573356486,0.6088931744946783,0.4510563065706211,0.5627010720682928,0.6907337652899459,0.7243376470506135,0.5367435950728324,0.546305757511059,0.4838370096487621,0.5946104880255452,0.5097335794855484,0.7106233403323257,0.6406888461609734,0.5249830854031057,0.5699586542786292,0.5535020535020535,0.5958678894688499,0.5662007101229521,0.5860810933558585,0.5504260946438341,0.5130950796677483,0.5796991124998644,0.7523512515053868,0.6934739332624495,0.5174608246054244,0.6458344517862196,0.6286838579131812,0.4800896993566166,0.4866290280851414,0.6077424037950354,0.541944387885648,0.5880320005837978,0.713959059116628,0.537531434937133,0.7716063698206556,0.5876102819497688,0.6874180852564311,0.6320743286904891,0.32413677592249024,0.5906272709605673,0.5629786942914135,0.525712278975992,0.5428924041705997,0.6192380301402858,0.6871608037367899,0.6773511158849504,0.5146804079145149,0.687371629811145,0.5624466597439677,0.5891780208563379,0.5634037010484174,0.6205718943700813,0.7054300259196464,0.6143338595406265,0.7253309552139819,0.634842381928848,0.6542850883093085,0.4998024667244573,0.7114254792826222,0.6368158367200523,0.6568927283594892,0.5391388253897522,0.5793703358199727,0.6136544011544012,0.5672938808780633,0.552287859679456,0.5375547906562944,0.7500380831604029,0.6129933885010213,0.6977958966680771,0.6568493558049046,0.6327574803189119,0.57596686637102,0.6953711388861765,0.7158257306843141,0.739209040321482,0.7154434911000296,0.5159518579774796,0.6417877757163472,1,0.6459365238275312,0.5705738064033354,0.7080863880981947
0.5526071893067186,0.5233656219065992,0.4619067432980023,0.2729562000238691,0.4235320633279882,0.3518997710727033,0.28111539671690033,0.58901753591297,0.44142621696481676,0.5675687079664798,0.4952975804659714,0.5628323790070031,0.5443182980637145,0.4220389919644484,0.6681821198917983,0.5882635882635883,0.48564274992454604,0.5036794803405028,0.4939563464939405,0.610701344106666,0.6148933237654477,0.4319083843555722,0.5621779916562952,0.6420096008779292,0.479004763415377,0.29427569797845776,0.3633725326080741,0.523114716990411,0.5116500386207061,0.5292890741087506,0.5795700231442087,0.649520043959311,0.4446248196248196,0.4534164479852405,0.30795604967687495,0.49576790198630616,0.5641509369511698,0.42153788450109464,0.4149234015775368,0.4787320031680934,0.507783391668892,0.4080479803108894,0.5664737592054377,0.55608176284868,0.38674255986286066,0.3759248891890514,0.4989948647843385,0.4947555884523692,0.37219840973628826,0.568418417245646,0.5256363847359554,0.4639735160411852,0.4992435647762825,0.381288990875457,0.40471844612456853,0.37160596295934645,0.385189051641313,0.5956396048433314,0.6201039947312892,0.32552091809610606,0.5004636862719569,0.6744507110229677,0.37272578090247266,0.6875410720745512,0.41560497983005285,0.3753356492312283,0.34178522615122653,0.33375250257022215,0.5878946919875123,0.6893027309146441,0.5330167952348404,0.6449775369164693,0.5059355640182708,0.647792540736805,0.599256758446938,0.7627907702155823,0.5078562626823628,0.45324361681072056,0.7204340620741426,0.38679225823362884,0.4344516594516594,0.3615224597901111,0.709564246992861,0.48724381299569264,0.7040554150687421,0.5826454717622835,0.43685119183239485,0.5695969601098959,0.5218775466138517,0.44077886618236006,0.5305954279638491,0.7165440479975246,0.6392407033525681,0.5248465806349353,0.39418520799638734,0.6198692076511625,0.6459365238275312,1,0.4723605616987684,0.5784654209877071
0.46075825724773156,0.39574992012634513,0.4846805528376966,0.2809252568651066,0.28688892108998365,0.2884402564853694,0.28908445355813783,0.31399833224892637,0.29742415587562976,0.3031663243055136,0.30111116873387234,0.3996339867031852,0.34779756644600845,0.3968994179926154,0.3223845999297261,0.4001924001924002,0.3957631715189295,0.5055705221941076,0.3488641788453818,0.3527989441427877,0.35151981314607195,0.3857935911617685,0.47811042997874054,0.3602976771045272,0.4916520059144548,0.42451475036113784,0.366073052682265,0.4201743398854816,0.44199822161306823,0.45527271447632867,0.3297736403084972,0.2892595466640371,0.42486679986679987,0.4176432612368959,0.39086108928561003,0.4357311196990943,0.3075791578022137,0.4555649259425312,0.3514638869902028,0.4118711280365416,0.47757150526212266,0.3608734543004608,0.5107255931415889,0.34976510540420314,0.25185447384695514,0.395800267002951,0.47261189103294365,0.39480352575771405,0.37445763595406834,0.36086664308795824,0.38884631908863176,0.4005140014538512,0.49406950013069917,0.38925804771669437,0.48105168042611346,0.44079950959650205,0.48196018890086423,0.4477298663656488,0.45323544818684547,0.40491854636591484,0.6253158599963111,0.2991294484351914,0.45212340917228133,0.350834461203388,0.32045154908061646,0.4282733566695177,0.45689869920322124,0.38300843127575246,0.36967483170617377,0.3369514408887945,0.25527156636179194,0.4623846981287476,0.4489695559244431,0.4019950207747328,0.5065780237067249,0.5657505506189717,0.6507260648381037,0.5597779489787373,0.40057238714415444,0.43363728895445885,0.5087662337662338,0.4143154835052,0.4561809828237976,0.5632400807212837,0.3421397094435713,0.4824568141592309,0.4448202486736321,0.37187248268046713,0.5160090927765497,0.6355793171317312,0.46713591337651494,0.42973315780860855,0.43036758076470627,0.6608166076206615,0.41505435470098173,0.3421239787781142,0.5705738064033354,0.4723605616987684,1,0.6282393558362133
0.4477385556787912,0.3874288967153048,0.5026015527579542,0.3978127136021873,0.30081077637766396,0.41120500976960317,0.5029339878622174,0.44384171891943747,0.42825137088285536,0.4435567005274974,0.37802189730762514,0.5707523007671245,0.41765684688972093,0.4265081131163089,0.5059928300793315,0.6090909090909091,0.5778186986191027,0.6209591022353891,0.4295071356076141,0.4391507967174375,0.5445225653792485,0.42286385266423143,0.48447557390581597,0.48130691724321173,0.5752388904119106,0.5695065776581087,0.5278469622526597,0.5200892262478171,0.49535827001509714,0.586714960547871,0.4395979300991043,0.43369157942450576,0.558459595959596,0.4765366383046432,0.558239291425716,0.4923604208587974,0.4876050358479146,0.4637092975623285,0.5842398696465683,0.530750429793492,0.5826176547420716,0.44317716647502103,0.5458452079748002,0.6532391585023164,0.45363650172262604,0.37362855430255515,0.47609899404157774,0.43013789411270953,0.5179298980787671,0.5526160760009586,0.44558645425187005,0.5500165703514985,0.6010624479793601,0.5337769354515766,0.5944506645790428,0.5216353556066475,0.5956502275994532,0.5256415400789334,0.6362675984326732,0.5273243370133323,0.5503081049731768,0.4730813624311635,0.611873519887874,0.45934696851809875,0.4019129553830151,0.5043069073838572,0.6268120665251802,0.568688531323422,0.49112205161678946,0.42183164009436913,0.4407606481769162,0.49183116275792815,0.6624899024420555,0.6074925301376684,0.518099022687825,0.6633085813707823,0.6084581510175799,0.5604385927655715,0.49237147729597164,0.5786484739335078,0.5081369248035915,0.5720350182029315,0.542765581695953,0.6114401016314892,0.5599430365624799,0.5871548184018149,0.6335651456464855,0.49624525711280254,0.5345387767807235,0.5816281225560369,0.7314588123200563,0.5980558628693653,0.6007863225476673,0.6516126750277964,0.46407358977605595,0.5666110869460151,0.7080863880981947,0.5784654209877071,0.6282393558362133,1
